date,1,2,3,4,5,6,7,8,9,10,11,12,13,14,15,16,17,18,19,20,21,22,23,24,day,holiday
2030-01-01,76115.8,73212.2,70430.6,68856.8,68246.8,68490.8,68844.6,67612.4,66392.4,65550.6,65306.6,65074.8,64843,64355,64843,66429,68234.6,71345.6,73029.2,73163.4,72553.4,72199.6,73065.8,74041.8,1,1
2030-01-02,69210.6,66929.2,65489.6,65135.8,65989.8,68039.4,72028.8,78812,89157.6,91487.8,89779.8,87718,82630.6,86534.6,87986.4,87486.2,89279.6,88608.6,86266.2,84082.4,81654.6,79617.2,78421.6,79897.8,2,0
2030-01-03,74956.8,72065.4,70272,69552.2,70162.2,71967.8,75469.2,81020.2,89975,91317,88413.4,85631.8,79934.4,83216.2,84436.2,85412.2,87449.6,86522.4,83936,81886.4,79958.8,77787.2,76713.6,79275.6,3,0
2030-01-04,78482.6,74383.4,72102,71138.2,71126,72077.6,74115,75798.6,78348.4,76689.2,75835.2,73651.4,69296,70150,71260.2,72712,74737.2,76347.6,76774.6,76042.6,75091,73773.4,74041.8,76616,4,1
2030-01-05,71626.2,67661.2,65160.2,64086.6,64208.6,65050.4,66002,65977.6,66538.8,66746.2,68063.8,67453.8,66002,66258.2,66380.2,67124.4,69052,72297.2,73614.8,73151.2,72431.4,71492,71992.2,72248.4,5,1
2030-01-06,66453.4,63940.2,62244.4,61890.6,62744.6,65172.4,69637.6,77396.8,89072.2,91780.6,89828.6,87522.8,81703.4,86217.4,87791.2,87291,89206.4,88535.4,85936.8,83387,80605.4,78324,76884.4,78604.6,6,0
2030-01-07,75664.4,72773,70845.4,70247.6,70735.6,72541.2,76054.8,81618,90694.8,92036.8,89011.2,86351.6,80532.2,83692,85156,86119.8,88169.4,87376.4,84790,82728.2,80812.8,78275.2,77311.4,79873.4,7,0
2030-01-08,75566.8,72565.6,70528.2,69808.4,70418.4,72346,76091.4,82118.2,91683,93134.8,89987.2,86961.6,80922.6,84448.4,85778.2,86876.2,89023.4,88096.2,85265.8,82972.2,81056.8,78641.2,77555.4,80129.6,8,0
2030-01-09,75554.6,72553.4,70516,69796.2,70284.2,71601.8,75225.2,80410.2,89975,93488.6,93025,91829.4,86864,90280,90646,89901.8,90475.2,88108.4,85265.8,82838,79922.2,77640.8,76433,78385,9,0
2030-01-10,73749,70735.6,69052,68576.2,69540,71223.6,74603,79800.2,88742.8,92012.4,92061.2,91219.4,86498,90255.6,90621.6,89999.4,90450.8,88315.8,85839.2,83655.4,81117.8,78836.4,77750.6,79605,10,0
2030-01-11,76823.4,72968.2,70674.6,69723,69710.8,70662.4,72224,73907.6,76469.6,75798.6,74969,72187.4,67331.8,67588,68429.8,69881.6,72394.8,74224.8,75127.6,74517.6,73553.8,72370.4,72748.6,75322.8,11,1
2030-01-12,73395.2,70284.2,68381,67539.2,67661.2,68490.8,69308.2,69527.8,69430.2,67551.4,67344,65782.4,64440.4,65038.2,66233.8,67917.4,70064.6,73370.8,75127.6,74895.8,74310.2,73614.8,74017.4,74151.6,12,1
2030-01-13,67453.8,64574.6,62903.2,62549.4,63159.4,65575,70284.2,77665.2,89438.2,93683.8,93342.2,92012.4,87413,91536.6,92488.2,91744,92573.6,90353.2,87169,84265.4,81361.8,79092.6,77409,79385.4,13,0
2030-01-14,76847.8,73602.6,71821.4,71101.6,71711.6,73627,77360.2,83155.2,92000.2,93635,91500,88852.6,82545.2,86071,87278.8,87986.4,90231.2,89657.8,87901,85607.4,83313.8,80922.6,79849,81691.2,14,0
2030-01-15,76847.8,73846.6,72065.4,71467.6,72065.4,73871,77360.2,82911.2,91390.2,93012.8,91012,88364.6,82423.2,85705,86912.8,87620.4,89743.2,89169.8,87535,85363.4,83191.8,80800.6,79849,81569.2,15,0
2030-01-16,77457.8,74212.6,72419.2,71821.4,72187.4,73993,77726.2,83765.2,92817.6,95355.2,93415.4,90524,83850.6,86900.6,88047.4,88767.2,90926.6,90841.2,89450.4,87144.6,84741.2,82081.6,80532.2,82496.4,16,0
2030-01-17,77665.2,74786,72992.6,72529,72907.2,74456.6,78189.8,83618.8,92085.6,93574,91512.2,88608.6,82545.2,85473.2,86827.4,87669.2,90182.4,89853,88352.4,86168.6,83997,81715.6,80276,82008.4,17,0
2030-01-18,79263.4,76384.2,74590.8,73883.2,73871,74578.6,75884,77201.6,79117,78165.4,77091.8,75017.8,71479.8,71980,72724.2,73688,75713.2,77091.8,78031.2,77421.2,76713.6,75884,76018.2,77860.4,18,1
2030-01-19,72590,68978.8,66697.4,65733.6,65843.4,66929.2,67880.8,67856.4,67966.2,66429,66587.6,65135.8,63684,64025.6,64757.6,66343.6,69222.8,73017,75274,74908,74188.2,73480.6,73871,74359,19,1
2030-01-20,69771.8,67258.6,65709.2,65355.4,65965.4,68137,72492.4,79385.4,89804.2,93000.6,92671.2,90999.8,85656.2,88803.8,89535.8,89523.6,91548.8,90853.4,88877,86339.4,83667.6,81142.2,79702.6,81313,20,0
2030-01-21,77665.2,74664,72980.4,72272.8,72638.8,74200.4,77579.8,82899,91390.2,93598.4,91927,88791.6,81996.2,84546,85522,86351.6,88986.8,88657.4,87388.6,85204.8,83033.2,80739.6,79422,81264.2,21,0
2030-01-22,76872.2,73980.8,72431.4,71723.8,72077.6,73529.4,76786.8,81862,89975,92061.2,90511.8,87510.6,80959.2,83387,84363,85192.6,87693.6,87364.2,86217.4,84033.6,81984,79812.4,78494.8,80215,22,0
2030-01-23,76042.6,72943.8,71284.6,70345.2,70699,72138.6,74285.8,78275.2,85558.6,88047.4,87705.8,85412.2,79373.2,80849.4,79885.6,77701.8,75993.8,74847,74859.2,73602.6,72638.8,71577.4,72199.6,74859.2,23,0
2030-01-24,71284.6,68161.4,65867.8,64269.6,63781.6,63757.2,63488.8,61878.4,60438.8,58804,58682,57852.4,57132.6,56900.8,57144.8,57754.8,58718.6,60097.2,62183.4,62146.8,61902.8,62415.2,64257.4,65965.4,24,1
2030-01-25,63183.8,60780.4,59218.8,58621,58499,59084.6,59536,58791.8,55949.2,51935.4,50764.2,50044.4,49702.8,50068.8,50422.6,51264.4,52557.6,54582.8,57059.4,57754.8,58108.6,58840.6,61512.4,63452.2,25,1
2030-01-26,60963.4,58816.2,57144.8,56669,56669,57266.8,57364.4,56620.2,56412.8,56095.6,56473.8,56107.8,55619.8,55485.6,55729.6,56461.6,58157.4,60182.6,62281,62220,62098,62354.2,64184.2,65770.2,26,1
2030-01-27,62683.6,60036.2,58364.8,57779.2,58242.8,59084.6,59914.2,60011.8,60792.6,61024.4,62110.2,62195.6,61341.6,61573.4,61988.2,62342,63293.6,65087,67844.2,67954,67588,67258.6,68600.6,69332.6,27,1
2030-01-28,65733.6,62988.6,61573.4,61341.6,62073.6,64123.2,67490.4,73041.4,82594,86742,88023,86851.8,81654.6,83594.4,84216.6,84216.6,84777.8,83960.4,83521.2,81325.2,78921.8,77030.8,76677,78385,28,0
2030-01-29,76225.6,73358.6,71809.2,71211.4,71809.2,73370.8,76872.2,82411,90414.2,91939.2,89804.2,86559,80385.8,83057.6,84033.6,85107.2,87852.2,87742.4,87047,84851,82691.6,80288.2,78860.8,80105.2,29,0
2030-01-30,76579.4,73712.4,72163,71565.2,72163,73724.6,77226,82764.8,90646,92293,90158,86912.8,80739.6,83411.4,84265.4,85339,88206,88096.2,87278.8,85082.8,83045.4,80642,79214.6,80459,30,0
2030-01-31,71504.2,68625,67063.4,66587.6,67429.4,69222.8,72846.2,78885.2,87266.6,89767.6,87840,85070.6,79995.4,83521.2,84973,85204.8,86376,85180.4,84363,82289,80007.6,77848.2,76408.6,77653,31,0
2030-02-01,72565.6,69430.2,67270.8,66429,66429,67136.6,68698.2,70247.6,72809.6,71650.6,70699,68515.2,64257.4,64513.6,65001.6,66075.2,68222.4,69710.8,71223.6,70747.8,70028,68966.6,69100.8,70699,32,1
2030-02-02,69649.8,65672.6,63147.2,61951.6,62073.6,63037.4,64111,64220.8,64940.6,64989.4,65501.8,63818.2,62098,62195.6,62305.4,63379,66038.6,69857.2,72834,72590,71760.4,70808.8,71211.4,71711.6,33,1
2030-02-03,66246,63110.6,61305,60951.2,61683.2,64220.8,69064.2,76811.2,88230.4,91548.8,90121.4,87596,81044.6,84570.4,86266.2,86986,89499.2,88694,87303.2,84741.2,81947.4,79178,77482.2,78958.4,34,0
2030-02-04,73785.6,70284.2,68722.6,68002.8,68722.6,70784.4,74298,80117.4,88608.6,89718.8,87657,84863.2,80019.8,83789.6,84777.8,84887.6,86449.2,85766,85339,83521.2,81593.6,78934,77604.2,79068.2,35,0
2030-02-05,76677,72956,71272.4,70430.6,71284.6,73456.2,77213.8,83387,92463.8,93696,91524.4,88486.6,83289.4,87437.4,88413.4,88523.2,90206.8,89377.2,89060,86986,84948.6,82179.2,80727.4,82325.6,36,0
2030-02-06,77897,74773.8,72980.4,72382.6,72992.6,74798.2,78543.6,84594.8,93464.2,95221,92805.4,89182,82398.8,85314.6,86424.8,87632.6,90768,90560.6,89706.6,87254.4,84960.8,82313.4,80629.8,82093.8,37,0
2030-02-07,76957.6,74200.4,72663.2,72065.4,72565.6,74249.2,77494.4,82935.6,90694.8,92329.6,90158,87010.4,80959.2,83509,84485,85583,88352.4,88254.8,87400.8,85314.6,83143,80861.6,79422,80642,38,0
2030-02-08,78873,75383.8,72980.4,72016.6,72138.6,73090.2,74773.8,76225.6,78690,78409.4,78287.4,76347.6,71736,72236.2,72602.2,73322,74871.4,76225.6,78189.8,77933.6,76872.2,75798.6,76176.8,77640.8,39,1
2030-02-09,72065.4,69064.2,67136.6,66416.8,66538.8,67246.4,68088.2,68198,67990.6,66843.8,66856,65404.2,64440.4,64562.4,64550.2,65392,68051.6,71504.2,74444.4,74542,74054,73102.4,73395.2,73663.6,40,1
2030-02-10,69222.8,66575.4,65135.8,64904,65514,67453.8,71565.2,77860.4,87217.8,89926.2,88840.4,86790.8,81349.6,84253.2,85595.2,86205.2,88254.8,87669.2,86363.8,84289.8,82118.2,79824.6,78385,79617.2,41,0
2030-02-11,75457,73065.8,71748.2,71162.6,71406.6,72724.2,75371.6,79971,86754.2,87901,85973.4,83814,79348.8,82008.4,82984.4,83704.2,85619.6,84680.2,83631,81679,79751.4,77836,76640.4,77494.4,42,0
2030-02-12,75823,73187.8,71638.4,71052.8,71418.8,72736.4,75627.8,80812.8,88340.2,89487,87437.4,84924.2,80093,82996.6,84106.8,84936.4,86961.6,86022.2,84826.6,82630.6,80593.2,78311.8,77116.2,78092.2,43,0
2030-02-13,74176,71553,69991.4,69405.8,69771.8,71333.4,74590.8,80019.8,87571.6,88498.8,86083.2,83411.4,77970.2,80751.8,81837.6,82691.6,84607,83557.8,82764.8,81056.8,79007.2,76847.8,75530.2,76518.4,44,0
2030-02-14,72394.8,69637.6,68088.2,67612.4,68112.6,69674.2,72687.6,77775,85778.2,88218.2,87120.2,85326.8,80739.6,83521.2,84119,84009.2,84973,82740.4,81215.4,79605,77909.2,75871.8,74664,75652.2,45,0
2030-02-15,72943.8,69686.4,67636.8,66551,66673,67392.8,68466.4,69796.2,72114.2,71870.2,71504.2,69344.8,65099.2,64977.2,65221.2,66075.2,68137,70028,72382.6,71894.6,71174.8,70089,70345.2,71809.2,46,1
2030-02-16,71723.8,68722.6,67173.2,66331.4,66465.6,67185.4,67905.2,67893,67039,64672.2,64440.4,62866.6,61780.8,61793,62281,63488.8,66392.4,69967,73017,73346.4,72748.6,71919,72187.4,72443.6,47,1
2030-02-17,68051.6,65404.2,63854.8,63257,63989,66172.8,70540.4,77567.6,87437.4,89914,87730.2,84826.6,78775.4,81325.2,82057.2,82789.2,85204.8,85021.8,84546,82935.6,81008,78604.6,77396.8,78494.8,48,0
2030-02-18,73419.6,69930.4,68015,67429.4,68161.4,70076.8,73822.2,79263.4,87669.2,89645.6,87474,84594.8,78531.4,81191,82045,82045,83850.6,82569.6,82472,81227.6,79531.8,77604.2,76518.4,77616.4,49,0
2030-02-19,72443.6,69320.4,67649,67173.2,67783.2,69466.8,72724.2,77677.4,85119.4,86961.6,84912,82386.6,76945.4,79361,80080.8,80093,81764.4,80495.6,80410.2,79409.8,77958,76152.4,75176.4,76164.6,50,0
2030-02-20,74932.4,72175.2,70747.8,70150,70638,72077.6,75213,80044.2,86973.8,88474.4,86656.6,83899.4,78336.2,80288.2,80751.8,80751.8,82801.4,82362.2,82496.4,81605.8,79788,77860.4,76786.8,78006.8,51,0
2030-02-21,76250,73480.6,71931.2,71455.4,71943.4,73383,76652.6,81618,88206,89462.6,87522.8,84497.2,78677.8,80873.8,81593.6,81837.6,84009.2,83350.4,83265,82252.4,80556.6,78385,77311.4,78665.6,52,0
2030-02-22,75859.6,73126.8,71723.8,70894.2,71138.2,71845.8,72907.2,73627,74969,73761.2,72919.4,71260.2,69222.8,71492,72577.8,72809.6,73273.2,73566,74932.4,74676.2,74090.6,73517.2,73651.4,74883.6,53,1
2030-02-23,67331.8,65172.4,63964.6,63586.4,63952.4,64782,65367.6,65587.2,65953.2,65855.6,66477.8,65880,65026,65026,65026,65745.8,67405,69393.6,71516.4,71748.2,71272.4,70699,70833.2,71077.2,54,1
2030-02-24,66807.2,64403.8,63318,62964.2,63574.2,65392,69015.4,74700.6,83082,86534.6,85924.6,84680.2,80349.2,83021,83875,84082.4,85241.4,84119,82862.4,81154.4,78982.8,76945.4,75749.8,77213.8,55,0
2030-02-25,75176.4,71943.4,70259.8,69674.2,70284.2,71955.6,75335,80300.4,86815.2,87474,85424.4,82655,76457.4,78372.8,79458.6,80532.2,82935.6,81666.8,81239.8,79995.4,78311.8,76518.4,75444.8,77287,56,0
2030-02-26,74407.8,71528.6,69979.2,69515.6,70003.6,71553,74566.4,78921.8,84704.6,85241.4,83557.8,81032.4,75566.8,77226,78202,79153.6,81300.8,80166.2,79739.2,78738.8,77177.2,75505.8,74554.2,76262.2,57,0
2030-02-27,72138.6,69137.4,67710,67234.2,67722.2,69405.8,72663.2,77262.6,84802.2,87242.2,86412.6,84960.8,80361.4,82533,83143,82899,83960.4,81618,80593.2,79117,77055.2,75261.8,74176,76262.2,58,0
2030-02-28,71687.2,68686,67002.4,66404.6,67026.8,68832.4,72211.8,77043,84826.6,86656.6,84948.6,82886.8,78275.2,80825,81069,80947,82398.8,80654.2,80239.4,78982.8,77043,75115.4,74151.6,76237.8,59,1
2030-03-01,64647.8,62964.2,62000.4,61768.6,62000.4,62598.2,63074,62952,61890.6,60707.2,60719.4,60109.4,59511.6,59511.6,59755.6,60365.6,61927.2,63952.4,65953.2,66404.6,65916.6,65440.8,65575,65575,60,1
2030-03-02,63330.2,60585.2,59145.6,58791.8,59889.8,62183.4,66514.4,72699.8,80654.2,83045.4,81703.4,78909.6,74090.6,77360.2,78592.4,78934,80959.2,79678.2,78873,77628.6,75469.2,73322,72016.6,74237,61,0
2030-03-03,70442.8,67429.4,65867.8,65392,65758,67453.8,70345.2,74834.8,81520.4,83326,82703.8,81618,77750.6,80300.4,80532.2,80032,80861.6,78897.4,78385,77274.8,75347.2,73419.6,72712,74420,62,0
2030-03-04,71406.6,68417.6,66856,66392.4,66758.4,68442,71321.2,75688.8,82484.2,84045.8,83423.6,82325.6,78482.6,81154.4,81252,80751.8,81569.2,79727,79202.4,78092.2,76176.8,74383.4,73541.6,75383.8,63,0
2030-03-05,70381.8,67380.6,65941,65233.4,65965.4,67661.2,70674.6,75408.2,81971.8,82947.8,82215.8,80520,76286.6,79324.4,80288.2,80019.8,81215.4,79958.8,80178.4,79056,76408.6,74493.2,73663.6,74639.6,64,0
2030-03-06,69576.6,66685.2,65245.6,64769.8,65379.8,67063.4,69954.8,74566.4,80764,81752.2,80666.4,78738.8,74371.2,77653,78995,79470.8,81154.4,80739.6,80666.4,79653.8,76994.2,75188.6,74481,75225.2,65,0
2030-03-07,69381.4,67612.4,66673,66197.2,66197.2,66770.6,67234.2,67575.8,68149.2,67649,67649,66941.4,65489.6,65611.6,65111.4,65209,65782.4,66587.6,68137,68503,68149.2,67697.8,67832,68820.2,66,1
2030-03-08,64013.4,61597.8,60402.2,59914.2,60158.2,60865.8,61207.4,60963.4,60414.4,59487.2,59731.2,59011.4,58657.6,59389.6,59999.6,60853.6,62037,63684,65782.4,66099.6,65489.6,64904,65026,65160.2,67,1
2030-03-09,62866.6,60609.6,59560.4,59206.6,60060.6,61976,65440.8,70516,77140.6,79056,77958,75652.2,71699.4,74481,75469.2,75688.8,77323.6,76274.4,75579,74590.8,72797.4,71016.2,70101.2,71821.4,68,0
2030-03-10,72236.2,69137.4,67478.2,67002.4,67490.4,69174,72541.2,77030.8,82057.2,81971.8,80288.2,77506.6,72419.2,74603,75835.2,76201.2,78982.8,79775.8,80727.4,80276,77494.4,75701,75237.4,75859.6,69,0
2030-03-11,72724.2,69491.2,67697.8,67100,67710,69515.6,73139,77994.6,83387,83289.4,81605.8,78458.2,72992.6,75420.4,76652.6,77018.6,80056.4,80971.4,82069.4,81520.4,78604.6,76567.2,76091.4,76835.6,70,0
2030-03-12,70211,67441.6,66002,65526.2,66014.2,67575.8,70723.4,75213,81520.4,82984.4,82398.8,80703,76213.4,78885.2,79849,79617.2,81069,80532.2,80459,79568.4,76774.6,74859.2,74261.4,75237.4,71,0
2030-03-13,71187,68307.8,66880.4,66416.8,66904.8,68820.2,72077.6,76335.4,81593.6,82093.8,81008,78836.4,74115,76530.6,77628.6,78006.8,79812.4,80471.2,80959.2,80410.2,77616.4,75823,75103.2,76201.2,72,0
2030-03-14,69930.4,67319.6,66160.6,65562.8,65575,66160.6,67100,67673.4,69198.4,69418,69552.2,68588.4,66185,66307,66075.2,66282.6,66612,66941.4,68600.6,69174,68344.4,67893,68039.4,69259.4,73,1
2030-03-15,66270.4,64952.8,64245.2,64001.2,64123.2,64586.8,64806.4,64586.8,63586.4,62415.2,62293.2,61695.4,61097.6,61109.8,61219.6,61939.4,63122.8,64647.8,66136.2,66807.2,66441.2,66343.6,66465.6,66355.8,74,1
2030-03-16,63830.4,61195.2,59889.8,59670.2,60658.4,63074,67051.2,72992.6,80751.8,82472,81642.4,79690.4,75213,78470.4,80056.4,80361.4,81776.6,80886,80263.8,79178,76652.6,74627.4,73688,74920.2,75,0
2030-03-17,70906.4,68015,66453.4,65855.6,66343.6,68039.4,70943,74725,79519.6,79153.6,77457.8,74786,69918.2,71736,73224.4,74310.2,76250,77433.4,78580.2,78299.6,75981.6,74176,73578.2,74920.2,76,0
2030-03-18,69588.8,66941.4,65501.8,64904,65392,66965.8,69625.4,73041.4,77470,77104,75530.2,73102.4,68600.6,70308.6,71662.8,72638.8,74444.4,75505.8,76530.6,76237.8,74176,72480.2,72004.4,73102.4,77,0
2030-03-19,70784.4,67783.2,66343.6,65636,66355.8,67917.4,70821,75103.2,80898.2,81276.4,80446.8,78153.2,73297.6,74993.4,75505.8,75737.6,77665.2,78580.2,79458.6,79251.2,76335.4,74407.8,73810,74920.2,78,0
2030-03-20,69918.2,66904.8,65465.2,64867.4,65477.4,67283,70430.6,74590.8,80373.6,80141.8,78080,75542.4,70198.8,72260.6,73004.8,73480.6,75774.2,76957.6,77982.4,78409.4,75969.4,73797.8,72956,74188.2,79,0
2030-03-21,67197.6,65880,65172.4,64818.6,64928.4,65392,65977.6,65989.8,65782.4,65050.4,64940.6,64220.8,62781.2,63037.4,63159.4,63513.2,64342.8,65026,66148.4,66709.6,66099.6,65880,66014.2,66624.2,80,1
2030-03-22,63171.6,61390.4,60451,60219.2,60341.2,60926.8,61158.6,60585.2,59231,57950,58072,57474.2,57108.2,57352.2,57596.2,58194,59743.4,61878.4,63952.4,64721,64367.2,63891.4,64135.4,64245.2,81,1
2030-03-23,62134.6,59011.4,57571.8,57340,58547.8,61195.2,65916.6,71894.6,78885.2,79995.4,78677.8,75774.2,70320.8,73114.6,74810.4,75530.2,78555.8,79129.2,79275.6,78836.4,76054.8,73651.4,72821.8,73431.8,82,0
2030-03-24,69088.6,65953.2,64391.6,64025.6,64623.4,66551,69576.6,72663.2,77238.2,77006.4,75054.4,72260.6,67405,69479,70455,71187,73968.6,75139.8,76384.2,76664.8,74237,72297.2,71589.6,73065.8,83,0
2030-03-25,68027.2,65135.8,63684,63318,63928,65611.6,68515.2,71345.6,75554.6,75432.6,73614.8,70930.8,66441.2,68393.2,69259.4,69979.2,72651,73578.2,74834.8,75127.6,72821.8,71004,70406.2,71638.4,84,0
2030-03-26,66965.8,64318.4,63000.8,62634.8,63354.6,65160.2,67929.6,70784.4,74749.4,74139.4,72443.6,69893.8,65648.2,67844.2,68808,69784,72321.6,73370.8,74749.4,75261.8,72821.8,71260.2,70418.4,71284.6,85,0
2030-03-27,67258.6,64379.4,63061.8,62708,63671.8,65599.4,68734.8,71723.8,75945,74969,72907.2,70247.6,65770.2,68076,69527.8,70869.8,73627,74432.2,75823,76347.6,73797.8,72236.2,71162.6,71675,86,0
2030-03-28,67758.8,65867.8,64806.4,64342.8,64452.6,65160.2,65745.8,65794.6,65636,64428.2,63940.2,62744.6,60951.2,61439.2,61805.2,62525,63696.2,64489.2,65977.6,66770.6,66172.8,65697,65721.4,66355.8,87,1
2030-03-29,62305.4,60756,59914.2,59572.6,59816.6,60402.2,60634,60158.2,59109,58023.2,57876.8,57035,56693.4,56705.6,57083.8,57803.6,59231,61134.2,63013,63915.8,63659.6,63415.6,63415.6,63171.6,88,1
2030-03-30,59755.6,56852,55522.2,55412.4,56632.4,59523.8,64257.4,69527.8,76030.4,76518.4,74822.6,72285,67063.4,69857.2,71199.2,72285,75554.6,76860,77994.6,78165.4,75481.4,73309.8,72224,72602.2,89,0
2030-03-31,65904.4,63269.2,61951.6,61597.8,62073.6,63879.2,66416.8,70540.4,76847.8,77543.2,76799,75579,71565.2,73395.2,73651.4,73431.8,74395.6,74371.2,74822.6,75371.6,72712,71138.2,70064.6,70552.6,90,0
2030-04-01,65294.4,62891,61817.4,61341.6,61817.4,63379,65684.8,69308.2,75017.8,75713.2,74969,73980.8,70345.2,71919,72187.4,71967.8,72919.4,72785.2,73224.4,73785.6,71357.8,69918.2,68966.6,69454.6,91,0
2030-04-02,65880,63232.6,61915,61561.2,62159,64086.6,66758.4,70186.6,74932.4,75030,73810,71992.2,67990.6,70174.4,71040.6,71528.6,73468.4,74041.8,74712.8,75261.8,72724.2,70918.6,69832.8,70442.8,92,0
2030-04-03,65648.2,62891,61573.4,61219.6,61939.4,63623,66538.8,70296.4,75408.2,75627.8,74639.6,73175.6,69174,70991.8,71492,71516.4,72956,73297.6,73968.6,74517.6,72089.8,70528.2,69454.6,70064.6,93,0
2030-04-04,64416,62622.6,61671,61317.2,61439.2,62159,62756.8,62756.8,63110.6,62366.4,62207.8,61854,60194.8,60597.4,60841.4,60804.8,61488,62207.8,63635.2,64452.6,64098.8,63623,63513.2,63879.2,94,1
2030-04-05,61756.4,59109,57669.4,56949.6,57315.6,58401.4,58755.2,57352.2,54497.4,52557.6,52911.4,52313.6,51471.8,51715.8,52435.6,54619.4,57266.8,59767.8,62744.6,64647.8,64172,63574.2,63586.4,62988.6,95,1
2030-04-06,59645.8,56998.4,55668.6,55558.8,56766.6,59060.2,62939.8,67466,72858.4,73212.2,71492,69564.4,64965,67270.8,68625,69357,72516.8,73822.2,74969,75615.6,72943.8,71138.2,70284.2,70906.4,96,0
2030-04-07,66331.4,63562,62354.2,62000.4,62732.4,64416,67087.8,69540,72724.2,72114.2,70674.6,68368.8,64245.2,66307,67405,68734.8,71040.6,71626.2,72553.4,73675.8,71967.8,70516,69686.4,70296.4,97,0
2030-04-08,67185.4,64416,62976.4,62622.6,63342.4,65270,68063.8,70638,74188.2,73578.2,72016.6,69601,65111.4,67295.2,68515.2,69845,72394.8,72980.4,74017.4,75139.8,73309.8,71736,70784.4,71516.4,98,0
2030-04-09,66307,63537.6,62342,61866.2,62586,64513.6,67295.2,69906,73590.4,73212.2,71650.6,69222.8,64977.2,67295.2,68759.2,69967,72382.6,72968.2,73883.2,74859.2,73029.2,71333.4,70381.8,70394,99,0
2030-04-10,65562.8,62915.4,61841.8,61488,62207.8,64025.6,66819.4,69296,72980.4,72724.2,71284.6,68978.8,64855.2,67161,68503,69588.8,72016.6,72712,73517.2,74993.4,73285.4,71589.6,70625.8,70516,100,0
2030-04-11,64464.8,63281.4,62817.8,62586,62586,63049.6,63281.4,63098.4,62903.2,62403,62159,61439.2,60487.6,60743.8,60853.6,61207.4,61780.8,62464,63501,64269.6,64135.4,63769.4,63781.6,64147.6,101,1
2030-04-12,59694.6,57291.2,56083.4,55607.6,56083.4,57047.2,57291.2,55656.4,52801.6,51105.8,51349.8,50495.8,49654,49776,50508,52081.8,54375.4,57498.6,60463.2,62586,62207.8,61488,61500.2,60890.2,102,1
2030-04-13,58950.4,56315.2,55119.6,54997.6,56095.6,58499,62390.8,66368,71540.8,72016.6,70662.4,68625,64379.4,66807.2,68271.2,69845,72626.6,73200,74090.6,74981.2,72541.2,70735.6,69649.8,69784,103,0
2030-04-14,64355,62073.6,60878,60402.2,61012.2,62573.8,65001.6,67356.2,70894.2,70772.2,69930.4,68356.6,64965,67148.8,68137,68978.8,70552.6,70650.2,70967.4,71992.2,70516,68942.2,68100.4,67990.6,104,0
2030-04-15,63488.8,61951.6,61256.2,60658.4,60780.4,61109.8,62073.6,63342.4,65794.6,67856.4,68966.6,69113,67307.4,69125.2,69869.4,69491.2,69100.8,68588.4,68405.4,68673.8,68539.6,67453.8,66136.2,64928.4,105,1
2030-04-16,61073.2,59279.8,58450.2,58352.6,59194.4,60756,63427.8,66270.4,70308.6,70784.4,69942.6,68625,65721.4,67173.2,67661.2,68393.2,70198.8,70662.4,71345.6,72248.4,70772.2,69442.4,68722.6,68978.8,106,0
2030-04-17,66209.4,63549.8,62232.2,61634.4,62366.4,64306.2,66856,69125.2,72931.6,72443.6,71113.8,68808,64794.2,67222,68576.2,69540,71967.8,72297.2,72724.2,73968.6,72236.2,70418.4,69576.6,69832.8,107,0
2030-04-18,65282.2,62878.8,61561.2,61219.6,61451.4,62293.2,62769,62573.8,62720.2,61976,61719.8,61073.2,59401.8,60243.6,60573,60902.4,61719.8,62171.2,63842.6,65392,65038.2,64452.6,64098.8,64952.8,108,1
2030-04-19,60634,57254.6,55327,54729.2,55095.2,56425,56778.8,55107.4,52557.6,51215.6,52228.2,51630.4,51276.6,51886.6,52728.4,54046,56046.8,58694.2,62049.2,64806.4,64574.6,63745,63513.2,62903.2,109,1
2030-04-20,57083.8,54192.4,52862.6,52752.8,53960.6,56510.4,60536.4,64977.2,71101.6,71821.4,70589.2,68539.6,63928,66233.8,67087.8,68051.6,70833.2,71638.4,72687.6,74188.2,71870.2,69930.4,68722.6,69235,110,0
2030-04-21,64538,62024.8,60707.2,60353.4,60963.4,62647,65318.8,69259.4,75237.4,76542.8,75164.2,73431.8,69405.8,71833.6,72590,72382.6,73126.8,72150.8,71736,72358.2,70991.8,69430.2,68478.6,68966.6,111,0
2030-04-22,64281.8,61890.6,60695,60341.2,60939,62512.8,65062.6,68747,74371.2,75676.6,74420,72809.6,68905.6,71223.6,71967.8,71638.4,72382.6,71528.6,71113.8,71748.2,70516,68942.2,67990.6,68490.8,112,0
2030-04-23,65257.8,62769,61305,60585.2,61305,63122.8,65550.6,68100.4,72468,73334.2,71858,70040.2,65672.6,68100.4,68832.4,69698.6,72138.6,72590,73139,74407.8,73053.6,71004,69930.4,70418.4,113,0
2030-04-24,65013.8,62622.6,61414.8,60926.8,61536.8,62866.6,65062.6,67392.8,71296.8,72394.8,71174.8,69845,66331.4,68881.2,69979.2,70711.2,72529,72248.4,72297.2,72956,71614,70040.2,69198.4,69698.6,114,0
2030-04-25,65282.2,61890.6,60072.8,59231,59719,60682.8,61658.8,60975.6,60621.8,58791.8,58181.8,56839.8,54412,55388,55619.8,56095.6,57791.4,59340.8,61878.4,64379.4,64245.2,63525.4,63159.4,63769.4,115,1
2030-04-26,59401.8,56534.8,54863.4,54290,54790.2,55644.2,56107.8,55497.8,55095.2,55339.2,56693.4,56925.2,56913,57645,58242.8,58962.6,60121.6,61658.8,63220.4,64550.2,64208.6,63269.2,62915.4,62305.4,116,1
2030-04-27,58157.4,55876,54936.6,54692.6,55412.4,57449.8,60621.8,64330.6,69442.4,70638,70174.4,68625,65733.6,68771.4,70357.4,71077.2,72028.8,71235.8,71187,71955.6,70040.2,68478.6,67636.8,67990.6,117,0
2030-04-28,64489.2,62195.6,61000,60756,61231.8,62683.6,64525.8,66038.6,69100.8,69344.8,68246.8,66551,63415.6,65355.4,66331.4,67063.4,68747,68966.6,69405.8,70418.4,69540,68210.2,67368.4,67746.6,118,0
2030-04-29,63525.4,61122,59914.2,59548.2,60146,61610,63440,65074.8,68381,68625,67405,65709.2,62329.8,64391.6,65367.6,66099.6,67905.2,68246.8,68686,69710.8,68832.4,67380.6,66538.8,66795,119,0
2030-04-30,63806,62012.6,61305,60829.2,61073.2,61549,62403,63037.4,63879.2,63391.2,64123.2,63891.4,62183.4,64123.2,64599,65074.8,65916.6,65758,66343.6,67026.8,66880.4,66294.8,65465.2,64281.8,120,1
2030-05-01,59060.2,57157,56327.4,55717.4,55961.4,56437.2,57523,57144.8,56400.6,56400.6,57876.8,57510.8,56071.2,56803.2,56681.2,57889,58828.4,62110.2,62329.8,63976.8,63720.6,62512.8,61683.2,60231.4,121,0
2030-05-02,56168.8,53643.4,52460,51984.2,52350.2,52948,53692.2,53521.4,52557.6,52203.8,51959.8,51240,50642.2,51252.2,52216,53057.8,54619.4,57022.8,58926,60804.8,61390.4,60792.6,60072.8,58621,122,1
2030-05-03,59987.4,57962.2,56778.8,56425,56791,57254.6,57376.6,56107.8,54887.8,54155.8,54887.8,54412,53936.2,54180.2,54656,55741.8,57413.2,59316.4,61207.4,62830,63074,62488.4,62256.6,61658.8,123,1
2030-05-04,55900.4,54216.8,53509.2,53277.4,53863,55412.4,57620.6,59987.4,63513.2,64111,63989,63403.4,61231.8,63171.6,64025.6,64379.4,65575,65306.6,65514,66221.6,64843,63867,63135,63244.8,124,0
2030-05-05,59255.4,56974,55766.2,55168.4,55656.4,56376.2,57364.4,57632.8,57986.6,57864.6,57632.8,56778.8,54961,56913,58364.8,59706.8,61268.4,61732,62439.6,63976.8,64196.4,63098.4,62146.8,61061,125,1
2030-05-06,57449.8,55168.4,54216.8,53863,54448.6,55876,58560,61427,65074.8,65916.6,64818.6,63867,60597.4,63147.2,64855.2,65819,67868.6,68698.2,68893.4,69479,68576.2,66746.2,65404.2,64904,126,0
2030-05-07,63635.2,61097.6,59889.8,59536,60255.8,61585.6,63671.8,65331,68869,68246.8,67148.8,65343.2,61817.4,63891.4,64977.2,65953.2,68015,68478.6,68795.8,69942.6,69174,67722.2,66636.4,66782.8,127,0
2030-05-08,63903.6,61244,60036.2,59548.2,60280.2,61732,63818.2,65575,69357,68625,67527,65587.2,61817.4,64135.4,65233.4,66319.2,68503,68978.8,69186.2,70467.2,69710.8,68259,66917,67051.2,128,0
2030-05-09,63525.4,61000,59548.2,59072.4,59316.4,60048.4,60170.4,59377.4,58901.6,57437.6,57315.6,56229.8,54412,55144,55632,56595.8,57913.4,58865,60536.4,62427.4,62415.2,61927.2,61573.4,62073.6,129,1
2030-05-10,55192.8,52203.8,50398.2,49678.4,49922.4,50520.2,51606,51728,51959.8,51923.2,52667.4,51972,51728,52325.8,53045.6,54265.6,55717.4,57876.8,60255.8,62659.2,62781.2,61463.6,60377.8,58450.2,130,1
2030-05-11,58340.4,55558.8,54351,54241.2,55070.8,57608.4,61280.6,64977.2,70577,71540.8,71418.8,70467.2,66941.4,69991.4,71455.4,72053.2,73871,73602.6,74054,75017.8,72907.2,71199.2,70101.2,70345.2,131,0
2030-05-12,63257,60731.6,59401.8,58804,59292,60743.8,62817.8,64660,68173.6,68527.4,68161.4,66941.4,63793.8,67197.6,68783.6,70113.4,72285,71540.8,70906.4,71357.8,70491.6,68808,67368.4,67258.6,132,0
2030-05-13,63135,60609.6,59401.8,58804,59292,60621.8,62817.8,64538,68051.6,68405.4,68027.2,66819.4,63671.8,67075.6,68649.4,69979.2,72163,71284.6,70784.4,71235.8,70369.6,68673.8,67234.2,67124.4,133,0
2030-05-14,62171.2,59889.8,58560,57962.2,58340.4,59536,61841.8,64050,67795.4,68271.2,68515.2,67551.4,64635.6,67551.4,69003.2,69857.2,71906.8,71284.6,71150.4,71723.8,70857.6,69161.8,67112.2,66758.4,134,0
2030-05-15,62037,59755.6,58438,57828,58194,59401.8,61597.8,63452.2,66953.6,67307.4,67429.4,66343.6,63318,66233.8,67685.6,68771.4,71065,70808.8,70540.4,71101.6,70345.2,68783.6,66843.8,66258.2,135,0
2030-05-16,63013,59145.6,57108.2,56266.4,56388.4,56742.2,58316,59292,61097.6,61573.4,62415.2,62037,59487.2,60719.4,60853.6,60756,60743.8,60963.4,62281,63928,63793.8,62207.8,61134.2,61512.4,136,1
2030-05-17,56071.2,53911.8,52594.2,52008.6,52118.4,52594.2,53460.4,53582.4,53924,54155.8,54997.6,54863.4,54253.4,54387.6,54521.8,54900,55619.8,57047.2,58852.8,60634,61109.8,60255.8,59304.2,57974.4,137,1
2030-05-18,57279,54375.4,53167.6,53057.8,53899.6,56083.4,59743.4,63793.8,69759.6,70833.2,70711.2,69625.4,65989.8,69515.6,71821.4,73285.4,75579,75322.8,75432.6,76738,74883.6,72577.8,70150,69796.2,138,0
2030-05-19,61927.2,59401.8,58084.2,57608.4,57852.4,58816.2,61610,65001.6,70064.6,71870.2,71992.2,71394.4,68478.6,70918.6,72028.8,72260.6,73468.4,72236.2,71126,71223.6,70247.6,68185.8,66392.4,65916.6,139,0
2030-05-20,62305.4,59645.8,58206.2,57608.4,57974.4,59060.2,61976,65733.6,71406.6,73468.4,73468.4,72858.4,69698.6,72272.8,73614.8,73846.6,75176.4,73822.2,72602.2,72687.6,71589.6,69418,67368.4,66782.8,140,0
2030-05-21,60951.2,58669.8,57474.2,56742.2,57108.2,57962.2,60878,64769.8,71065,73858.8,74346.8,72882.8,69479,71553,72041,72028.8,72626.6,71638.4,71260.2,71589.6,70845.4,68795.8,66746.2,65660.4,141,0
2030-05-22,61317.2,58913.8,57462,56864.2,57340,58316,61109.8,64647.8,69979.2,71675,71309,69979.2,66575.4,69381.4,70723.4,71199.2,72529,71528.6,71272.4,71601.8,71101.6,69161.8,67234.2,66026.4,142,0
2030-05-23,61195.2,58682,57242.4,56644.6,56644.6,56876.4,57950,58669.8,60109.4,60085,60451,60072.8,58255,58974.8,59475,59731.2,59865.4,59828.8,60780.4,62207.8,62439.6,61244,60280.2,60304.6,143,1
2030-05-24,55595.4,53570.2,52362.4,51630.4,51764.6,51996.4,52850.4,52862.6,52838.2,52460,52704,52094,51728,52228.2,52716.2,53680,55363.6,57047.2,58962.6,60634,61097.6,60146,59072.4,57632.8,144,1
2030-05-25,61231.8,58816.2,57498.6,56766.6,57132.6,58096.4,60280.2,62708,66685.2,67380.6,67624.6,66660.8,63623,66063,67270.8,67990.6,70052.4,70040.2,70272,70869.8,70369.6,68429.8,66258.2,65050.4,145,0
2030-05-26,60951.2,58547.8,57230.2,56632.4,56876.4,57962.2,60024,62695.8,66819.4,67771,67661.2,66319.2,63415.6,65843.4,67539.2,68637.2,70686.8,70308.6,69808.4,70381.8,70003.6,68076,65904.4,64818.6,146,0
2030-05-27,61195.2,58669.8,57352.2,56632.4,56876.4,57962.2,60268,63074,67429.4,68271.2,68271.2,66929.2,63659.6,66331.4,68149.2,69247.2,71431,71040.6,70540.4,71126,70747.8,68564,66392.4,65184.6,147,0
2030-05-28,60719.4,58438,57120.4,56522.6,56766.6,57730.4,60280.2,63549.8,68625,69954.8,69820.6,67990.6,64342.8,66782.8,68856.8,69979.2,72163,72016.6,71516.4,71601.8,70735.6,68551.8,66136.2,64818.6,148,0
2030-05-29,60719.4,58438,57242.4,56522.6,56876.4,57852.4,60268,63537.6,68515.2,69710.8,69710.8,67893,64367.2,67283,69100.8,70211,72394.8,72260.6,71760.4,71967.8,71467.6,69161.8,66624.2,64940.6,149,0
2030-05-30,59731.2,57462,56144.4,55424.6,55302.6,55546.6,56144.4,56254.2,57071.6,56937.4,57547.4,56937.4,55241.6,56217.6,56937.4,57535.2,58645.4,59231,60414.4,61963.8,62439.6,61353.8,60036.2,59694.6,150,1
2030-05-31,55827.2,53545.8,52106.2,51508.4,51508.4,51752.4,52362.4,52496.6,52728.4,53204.2,54412,53802,53326.2,53436,53777.6,54009.4,55205,57010.6,59304.2,61231.8,61829.6,60756,59438.4,57754.8,151,1
2030-06-01,55241.6,53192,51984.2,51752.4,52240.4,53704.4,57096,61707.6,68246.8,70540.4,70650.2,69808.4,66660.8,68844.6,70040.2,71626.2,72712,71748.2,71248,71601.8,70747.8,68564,66026.4,64696.6,152,0
2030-06-02,60451,58047.6,56852,56254.2,56620.2,57584,59902,62683.6,66917,67880.8,68124.8,66904.8,64111,67258.6,69088.6,70308.6,72358.2,71980,71235.8,71455.4,70833.2,68539.6,66002,64562.4,153,0
2030-06-03,60792.6,58145.2,56937.4,56217.6,56583.6,57547.4,60231.4,63257,67746.6,68832.4,69076.4,67734.4,64696.6,68210.2,70162.2,71504.2,73688,73309.8,72565.6,72663.2,72053.2,69503.4,66721.8,65282.2,154,0
2030-06-04,59950.8,57803.6,56595.8,56242,56486,57327.8,59755.6,63281.4,68234.6,69686.4,70540.4,70430.6,68246.8,70540.4,71150.4,72236.2,73919.8,73041.4,72419.2,72272.8,71284.6,68747,66221.6,64794.2,155,0
2030-06-05,60719.4,58560,57486.4,57010.6,57376.6,58218.4,60756,64989.4,70674.6,72968.2,72956,71858,69076.4,71980,73322,74420,75993.8,75481.4,74505.4,74249.2,73139,70491.6,67600.2,65794.6,156,0
2030-06-06,61341.6,58206.2,56400.6,55436.8,55070.8,55180.6,56156.6,56254.2,57327.8,57193.6,58535.6,58157.4,56583.6,58157.4,58987,59841,61280.6,62244.4,63574.2,65135.8,65599.4,63549.8,61146.4,59938.6,157,1
2030-06-07,57425.4,54046,52106.2,51020.4,50910.6,51264.4,52106.2,51728,51715.8,52435.6,54265.6,54021.6,54387.6,56205.4,57535.2,58633.2,60072.8,62500.6,65038.2,67087.8,67685.6,65392,62854.4,60194.8,158,1
2030-06-08,54875.6,52472.2,51276.6,50922.8,51532.8,53350.6,57706,63635.2,70784.4,72956,73065.8,71967.8,68320,71370,73456.2,75030,76969.8,76591.6,75969.4,75823,74956.8,71931.2,68673.8,66746.2,159,0
2030-06-09,62293.2,59889.8,58462.4,57864.6,57986.6,58706.4,61366,65831.2,71760.4,74285.8,74627.4,73541.6,71101.6,74005.2,75969.4,77201.6,78897.4,77897,76054.8,75676.6,74456.6,71565.2,68307.8,66380.2,160,0
2030-06-10,63159.4,60268,58572.2,57852.4,57974.4,58828.4,61976,67173.2,74212.6,77238.2,77579.8,76237.8,73444,76969.8,79165.8,80642,82581.8,81337.4,79263.4,78885.2,77421.2,74029.6,70162.2,67990.6,161,0
2030-06-11,62915.4,60377.8,58938.2,58096.4,58096.4,58816.2,61719.8,66697.4,73724.6,77360.2,78690,78324,76006,79763.6,82203.6,83667.6,85241.4,84143.4,82057.2,80959.2,79007.2,75249.6,71382.2,68844.6,162,0
2030-06-12,63647.4,61000,59426.2,58596.6,58474.6,59194.4,61854,66685.2,73834.4,77811.6,79873.4,79861.2,78043.4,81923,84241,85827,86925,84716.8,81910.8,80678.6,78616.8,75115.4,71370,68954.4,163,0
2030-06-13,64696.6,59975.2,57071.6,55497.8,55009.8,55131.8,56571.4,56925.2,58474.6,58340.4,60402.2,59792.2,57352.2,59792.2,61134.2,62464,64782,66343.6,68393.2,70808.8,71540.8,68271.2,64513.6,62708,164,1
2030-06-14,58364.8,54607.2,52545.4,51337.6,51215.6,51703.6,52545.4,52289.2,52155,52887,54961,54582.8,54948.8,56900.8,58230.6,59572.6,61146.4,63806,66721.8,69015.4,69625.4,67197.6,64416,61500.2,165,1
2030-06-15,55485.6,53314,51996.4,51520.6,52008.6,53582.4,57462,63037.4,70564.8,74066.2,75274,75274,72846.2,76359.8,79043.8,80617.6,82801.4,82057.2,80459,79348.8,77884.8,74493.2,70516,67978.4,166,0
2030-06-16,63879.2,61366,60048.4,59206.6,59084.6,59694.6,62220,66673,73688,77543.2,78970.6,79446.4,77384.6,80056.4,81276.4,81642.4,82508.6,80300.4,78104.4,77238.2,75774.2,72882.8,69637.6,67356.2,167,0
2030-06-17,63647.4,61366,59926.4,59206.6,59084.6,59682.4,62098,66453.4,73224.4,76957.6,78287.4,78763.2,76811.2,79361,80581,80947,81691.2,79605,77409,76664.8,75213,72431.4,69308.2,67136.6,168,0
2030-06-18,63037.4,60756,59316.4,58596.6,58486.8,59206.6,61610,65965.4,72492.4,75749.8,76835.6,77067.4,74761.6,77665.2,79361,80093,81544.8,79836.8,78006.8,77262.6,75920.6,72907.2,69418,67246.4,169,0
2030-06-19,62915.4,60634,59316.4,58596.6,58352.6,59084.6,61732,66197.2,73090.2,76713.6,77897,78141,75713.2,78629,80703,81203.2,82167,80080.8,77884.8,77140.6,75810.8,72797.4,69296,67136.6,170,0
2030-06-20,61927.2,59401.8,57852.4,56888.6,56522.6,56388.4,57340,58279.4,60304.6,61366,63037.4,63403.4,62927.6,64391.6,65001.6,65733.6,67063.4,67173.2,67880.8,68356.6,68124.8,65953.2,63671.8,61866.2,171,1
2030-06-21,58120.8,55729.6,54290,53460.4,53094.4,53216.4,54168,54875.6,56168.8,57474.2,59145.6,59011.4,58645.4,59023.6,59267.6,59511.6,60487.6,62415.2,63989,64940.6,65184.6,63391.2,61353.8,59072.4,172,1
2030-06-22,56181,53667.8,52594.2,52118.4,52374.6,53704.4,57193.6,62622.6,70259.8,74468.8,75298.4,75286.2,73126.8,76408.6,78470.4,79910,82093.8,80873.8,79165.8,78177.6,76591.6,73456.2,69735.2,67575.8,173,0
2030-06-23,62878.8,60365.6,58938.2,58218.4,58096.4,58816.2,61939.4,66636.4,73517.2,76384.2,77104,76994.2,74444.4,77604.2,79324.4,79824.6,81032.4,79434.2,77592,76847.8,75627.8,72370.4,69003.2,66843.8,174,0
2030-06-24,63488.8,60597.4,58913.8,57950,57828,58804,62415.2,67734.4,75359.4,78372.8,78836.4,78726.6,76067,79836.8,81910.8,82655,84350.8,82752.6,80678.6,79812.4,78470.4,74712.8,70735.6,68185.8,175,0
2030-06-25,64123.2,61231.8,59780,58694.2,58572.2,59304.2,62317.6,67527,75164.2,78909.6,80105.2,80605.4,78531.4,82179.2,84131.2,84863.2,86071,84228.8,81801,80812.8,79226.8,75591.2,71601.8,69064.2,176,0
2030-06-26,64721,62073.6,60512,59548.2,59426.2,60158.2,63293.6,68966.6,77067.4,81044.6,82240.2,82118.2,79202.4,81862,83082,82838,83082,80886,78690,77592,76250,73126.8,70003.6,68076,177,0
2030-06-27,62378.6,59743.4,58059.8,57108.2,56620.2,56486,57315.6,58499,60768.2,62207.8,64013.4,64501.4,63647.4,64867.4,65599.4,66185,67527,67990.6,68820.2,69296,69283.8,66758.4,64001.2,62073.6,178,1
2030-06-28,57620.6,55351.4,53911.8,53082.2,52716.2,52716.2,53411.6,53509.2,53972.8,55046.4,56974,57352.2,57730.4,58816.2,59658,60634,63269.2,64464.8,65428.6,66380.2,66843.8,65050.4,62659.2,60011.8,179,1
2030-06-29,56791,54387.6,53192,52606.4,52728.4,53936.2,57071.6,62256.6,70381.8,74737.2,76420.8,76786.8,74969,78238.6,80556.6,81752.2,83679.8,82813.6,80983.6,79751.4,77921.4,74420,70577,68051.6,180,0
2030-06-30,63013,60731.6,59292,58572.2,58462.4,59182.2,62195.6,67380.6,74639.6,77518.8,78116.6,77494.4,74944.6,77494.4,78580.2,78824.2,79556.2,78092.2,76384.2,75652.2,74554.2,71540.8,68417.6,66612,181,0
2030-07-01,63244.8,60853.6,59304.2,58584.4,58474.6,59194.4,62317.6,67746.6,75103.2,78104.4,78690,78202,75530.2,78067.8,79287.8,79397.6,80251.6,78665.6,76969.8,76225.6,75005.6,72004.4,68759.2,66843.8,182,0
2030-07-02,62647,60365.6,58816.2,58096.4,57974.4,58572.2,61829.6,67392.8,74761.6,77897,78494.8,77884.8,75225.2,77653,78860.8,78982.8,79702.6,78238.6,76408.6,75542.4,74444.4,71309,68051.6,66136.2,183,0
2030-07-03,61902.8,59511.6,58072,57230.2,56998.4,57718.2,61097.6,66404.6,73651.4,79226.8,79812.4,79214.6,76298.8,79080.4,80300.4,80532.2,81508.2,79800.2,78092.2,77104,76006,72748.6,69259.4,67222,184,0
2030-07-04,61805.2,59279.8,57718.2,56754.4,56144.4,56022.4,56852,58169.6,60951.2,62500.6,64294,64525.8,63061.8,64281.8,65123.6,65855.6,66819.4,67039,67893,68490.8,68625,66331.4,63562,61878.4,185,1
2030-07-05,57035,55119.6,53680,52960.2,52716.2,52716.2,53070,53411.6,53765.4,54717,56656.8,56778.8,57010.6,57730.4,58462.4,59316.4,61122,62573.8,63903.6,64745.4,65099.2,63537.6,61256.2,59206.6,186,1
2030-07-06,56681.2,54265.6,52948,52472.2,52594.2,53692.2,57071.6,63000.8,71845.8,76811.2,78385,78860.8,76786.8,79946.6,81166.6,81288.6,82252.4,80178.4,77970.2,76628.2,74932.4,71797,68417.6,66502.2,187,0
2030-07-07,63366.8,60731.6,59182.2,58340.4,58340.4,59182.2,62195.6,67380.6,74871.4,78238.6,79312.2,79202.4,76408.6,79800.2,81520.4,81764.4,82618.4,80288.2,78092.2,76982,75884,72992.6,69625.4,67697.8,188,0
2030-07-08,63732.8,60975.6,59304.2,58462.4,58340.4,59182.2,62561.6,68112.6,75957.2,79568.4,80886,80654.2,77738.4,81374,83216.2,83472.4,84314.2,81752.2,79544,78311.8,77226,74078.4,70345.2,68307.8,189,0
2030-07-09,64464.8,62073.6,60634,59914.2,59926.4,60512,63769.4,68832.4,75725.4,78836.4,80129.6,79995.4,77201.6,80117.4,81837.6,82215.8,83069.8,81374,79666,78677.8,77335.8,74078.4,70467.2,68673.8,190,0
2030-07-10,65440.8,62683.6,61122,60280.2,60292.4,61012.2,64391.6,69820.6,77201.6,80446.8,81996.2,81874.2,79202.4,82716,84546,85290.2,86864,84668,82594,81483.8,79897.8,76396.4,72297.2,70381.8,191,0
2030-07-11,65318.8,62195.6,60512,59194.4,58462.4,58572.2,59645.8,61317.2,64696.6,66246,67917.4,67905.2,66563.2,68283.4,69247.2,69857.2,70589.2,70198.8,70918.6,71516.4,71882.4,69479,66343.6,65148,192,1
2030-07-12,59475,56827.6,54778,53814.2,53570.2,53570.2,54168,54631.6,55339.2,56547,58962.6,59438.4,59914.2,61500.2,61976,62842.2,64403.8,66221.6,68283.4,69613.2,70455,68527.4,65392,62488.4,193,1
2030-07-13,57510.8,54985.4,53789.8,53326.2,53570.2,54778,58633.2,65416.4,74615.2,79324.4,81117.8,81117.8,78921.8,82691.6,84765.6,85253.6,85997.8,83911.6,81849.8,80373.6,78543.6,75042.2,71309,69515.6,194,0
2030-07-14,65831.2,63659.6,62342,61500.2,61500.2,61988.2,64769.8,69357,75396,77811.6,79019.4,79007.2,76945.4,79251.2,80227.2,80837.2,82167,80703,79239,78372.8,77043,74139.4,70882,69442.4,195,0
2030-07-15,65575,63537.6,62220,61500.2,61512.4,61988.2,64525.8,68734.8,74407.8,76689.2,77897,77762.8,75945,78006.8,78982.8,79470.8,80678.6,79336.6,77994.6,77128.4,75908.4,73261,70247.6,68942.2,196,0
2030-07-16,64830.8,62683.6,61366,60524.2,60658.4,61256.2,64147.6,68966.6,75115.4,77640.8,78482.6,78226.4,75810.8,78226.4,79458.6,79714.8,80666.4,79202.4,77860.4,76994.2,75896.2,73004.8,70003.6,68808,197,0
2030-07-17,64830.8,62317.6,61012.2,60170.4,60292.4,61024.4,64391.6,69698.6,76457.4,78970.6,79458.6,79080.4,76054.8,78860.8,80324.8,80568.8,81898.6,80056.4,78726.6,77970.2,76872.2,73980.8,70491.6,69418,198,0
2030-07-18,65087,62329.8,60646.2,59560.4,59072.4,58828.4,59780,61097.6,63610.8,65050.4,67453.8,67929.6,67087.8,68320,69161.8,69405.8,69649.8,69015.4,69613.2,70089,70089,67917.4,65270,64074.4,199,1
2030-07-19,60182.6,57657.2,55973.6,55009.8,54656,54656,55485.6,56193.2,57632.8,59548.2,61963.8,62561.6,62683.6,63537.6,63781.6,64147.6,64745.4,65697,66904.8,67490.4,67856.4,66050.8,63647.4,61475.8,200,1
2030-07-20,58718.6,55937,54497.4,54021.6,54387.6,55717.4,60817,69064.2,79483,84326.4,85522,85265.8,81740,85021.8,86607.8,86607.8,87230,85034,82862.4,81264.2,79568.4,76054.8,72431.4,70991.8,201,0
2030-07-21,65318.8,62561.6,61122,60280.2,60402.2,61012.2,63903.6,68856.8,75749.8,78519.2,79727,79361,76445.2,79861.2,82167,82899,84838.8,83484.6,81764.4,80532.2,79190.2,75810.8,71821.4,70272,202,0
2030-07-22,65416.4,62537.2,61097.6,60268,60390,60987.8,64001.2,69064.2,76079.2,78958.4,80166.2,79800.2,76896.6,80300.4,82606.2,83338.2,85387.8,83911.6,82203.6,80971.4,79629.4,76128,72028.8,70467.2,203,0
2030-07-23,65526.2,63013,61585.6,60743.8,60512,61475.8,64233,69296,76054.8,79043.8,80239.4,79629.4,77201.6,80739.6,82801.4,83533.4,85473.2,84363,82764.8,81654.6,80068.6,76579.4,72602.2,70808.8,204,0
2030-07-24,66258.2,63745,62439.6,61719.8,61488,62207.8,65221.2,70516,77506.6,80617.6,81679,81801,79239,82032.8,83265,83155.2,84253.2,82533,80947,79958.8,78616.8,75371.6,71882.4,70345.2,205,0
2030-07-25,65794.6,62915.4,61000,59792.2,59316.4,59182.2,59999.6,61305,64050,66087.4,68246.8,69088.6,68246.8,68747,69198.4,69088.6,69820.6,70040.2,71126,71699.4,71821.4,69296,66294.8,64989.4,206,1
2030-07-26,60072.8,57803.6,56486,55534.4,55290.4,55290.4,55998,56815.4,57986.6,59767.8,61805.2,62159,62634.8,63867,64464.8,64818.6,65404.2,66599.8,68173.6,69003.2,69247.2,67319.6,64940.6,62781.2,207,1
2030-07-27,60390,57998.8,56693.4,56107.8,56473.8,57681.6,62146.8,69503.4,78677.8,83240.6,84180,83923.8,80422.4,82496.4,84094.6,83850.6,84460.6,82508.6,80568.8,79458.6,77884.8,74639.6,71162.6,69747.4,208,0
2030-07-28,66599.8,63720.6,62159,61207.4,61219.6,61939.4,65562.8,71723.8,79812.4,83521.2,84350.8,84216.6,80934.8,83606.6,84826.6,84338.6,84692.4,82862.4,80556.6,79458.6,78006.8,74761.6,71272.4,70089,209,0
2030-07-29,66709.6,63830.4,62159,61207.4,61219.6,62061.4,65672.6,71955.6,80154,84106.8,84802.2,84680.2,81264.2,84192.2,85290.2,84802.2,85278,83326,81008,79910,78348.4,75103.2,71504.2,70320.8,210,0
2030-07-30,65745.8,62988.6,61439.2,60597.4,60609.6,61207.4,64952.8,71101.6,79788,83862.8,84802.2,84680.2,81508.2,84777.8,86010,85888,86607.8,84887.6,82935.6,81715.6,79910,76420.8,72699.8,70796.6,211,0
2030-07-31,65745.8,63110.6,61561.2,60719.4,60731.6,61329.4,65074.8,71223.6,79910,84106.8,85168.2,85400,82362.2,85021.8,86485.8,86241.8,86595.6,84997.4,83533.4,82679.4,81105.6,77616.4,73541.6,71272.4,212,0
2030-08-01,64867.4,62378.6,60719.4,59645.8,59292,59157.8,59841,61378.2,63122.8,63440,64757.6,64891.8,64025.6,64757.6,65111.4,65489.6,67063.4,67405,67722.2,68307.8,68429.8,66648.6,64391.6,63342.4,213,1
2030-08-02,60011.8,57742.6,56315.2,55485.6,55119.6,55119.6,56071.2,57022.8,57840.2,58279.4,59487.2,59609.2,59841,60695,61768.6,62610.4,64159.8,65819,67380.6,68088.2,68320,66648.6,64269.6,61780.8,214,1
2030-08-03,58584.4,56181,54997.6,54399.8,54521.8,55253.8,58023.2,62464,67258.6,70235.4,71309,71431,69613.2,71906.8,73370.8,73736.8,74834.8,73858.8,72516.8,71772.6,70821,68661.6,65782.4,64001.2,215,0
2030-08-04,62952,60316.8,58889.4,58059.8,58059.8,58535.6,61671,65379.8,71126,74346.8,76140.2,76616,74664,77457.8,79043.8,79531.8,80495.6,79385.4,77189.4,76689.2,75371.6,72370.4,69637.6,67124.4,216,0
2030-08-05,64159.8,61524.6,60219.2,59389.6,59267.6,59987.4,63122.8,67929.6,73932,77030.8,78580.2,78812,77116.2,79043.8,80398,80873.8,82447.6,80971.4,79873.4,79507.4,78299.6,75420.4,71833.6,69442.4,217,0
2030-08-06,66221.6,62976.4,61549,60463.2,60353.4,61195.2,64208.6,69747.4,77579.8,82264.6,84546,85387.8,83814,85253.6,86485.8,87217.8,87815.6,86815.2,85473.2,84985.2,82923.4,79190.2,75237.4,72114.2,218,0
2030-08-07,66721.8,63842.6,62037,61085.4,61097.6,61817.4,64952.8,70125.6,76982,82276.8,84558.2,85156,82972.2,85021.8,86010,85644,86119.8,85119.4,83777.4,83289.4,81959.6,78714.4,74761.6,72004.4,219,0
2030-08-08,65928.8,62830,60695,59499.4,59023.6,58999.2,60182.6,61951.6,64916.2,66453.4,68856.8,69601,68503,69588.8,69820.6,69832.8,70198.8,69796.2,70479.4,71309,71662.8,69161.8,66050.8,64879.6,220,1
2030-08-09,60097.2,57230.2,55314.8,54131.4,53765.4,53875.2,54826.8,55900.4,57681.6,59828.8,63220.4,64318.4,64562.4,66014.2,67344,68161.4,68625,69540,70723.4,71675,71662.8,69393.6,66404.6,63440,221,1
2030-08-10,60975.6,58218.4,56425,55717.4,55851.6,57181.4,61402.6,68381,78128.8,83887.2,86766.4,88108.4,85949,88462.2,89914,90414.2,92244.2,91146.2,89194.2,87840,85790.4,81825.4,77384.6,74517.6,222,0
2030-08-11,70174.4,67673.4,66124,65428.6,65550.6,66892.6,70394,76518.4,84326.4,88023,89560.2,90170.2,87742.4,90524,91622,91988,93086,91975.8,89548,88925.8,86498,82642.8,78690,76311,223,0
2030-08-12,66514.4,63037.4,60878,59694.6,59450.6,60548.6,64281.8,71150.4,81154.4,87169,89316.2,90524,87864.4,90267.8,90755.8,90023.8,90389.8,88303.6,85509.8,85009.6,82960,78616.8,74664,71797,224,0
2030-08-13,68588.4,65233.4,63086.2,62012.6,61768.6,62854.4,66721.8,73334.2,83582.2,89462.6,91134,92110,89438.2,91853.8,93061.6,92207.6,92805.4,90975.4,88901.4,88169.4,85863.6,81654.6,77213.8,74115,225,0
2030-08-14,72736.4,69747.4,67966.2,66892.6,66892.6,67734.4,70991.8,76628.2,84814.4,89243,91402.4,91756.2,89438.2,92463.8,94171.8,94159.6,94879.4,93049.4,90853.4,90121.4,87827.8,84094.6,79897.8,76921,226,0
2030-08-15,72504.6,69503.4,67588,66392.4,65916.6,65916.6,67356.2,69625.4,72858.4,75103.2,77030.8,77494.4,75774.2,77104,77567.6,77311.4,78019,78226.4,77970.2,78812,78202,75688.8,72943.8,70930.8,227,1
2030-08-16,67636.8,64757.6,62976.4,61780.8,61305,61305,62256.6,63928,65331,67222,68405.4,68881.2,69113,70442.8,71284.6,72370.4,74298,76213.4,77152.8,78592.4,78226.4,75701,72602.2,69503.4,228,1
2030-08-17,66050.8,63427.8,61878.4,60939,61061,62024.8,65404.2,70686.8,77653,82325.6,84729,85924.6,84094.6,87132.4,88828.2,88938,90280,89779.8,89035.6,88425.6,86973.8,83130.8,79422,76445.2,229,1
2030-08-18,71406.6,68417.6,66392.4,65318.8,65074.8,65916.6,69405.8,76396.4,85790.4,91439,93232.4,94562.2,92122.2,95757.8,97343.8,97819.6,99271.4,99149.4,97685.4,96953.4,94171.8,89462.6,84289.8,80215,230,0
2030-08-19,72736.4,69149.6,67478.2,66282.6,67136.6,67124.4,70381.8,76152.4,84948.6,89743.2,90438.6,91146.2,89316.2,92585.8,94525.6,95367.4,97063.2,96941.2,94989.2,94257.2,91963.6,87388.6,83435.8,79592.8,231,0
2030-08-20,72126.4,68771.4,66868.2,65916.6,65562.8,66282.6,69784,75920.6,84594.8,88767.2,90804.6,91524.4,89084.4,93330,96367.8,97941.6,100125.4,99503.2,98295.4,96331.2,93915.6,88364.6,83570,79605,232,0
2030-08-21,72626.6,68417.6,66624.2,64940.6,64586.8,65428.6,69296,75322.8,83753,88669.6,91683,91548.8,90328.8,95062.4,97124.2,97234,99649.6,97929.4,94891.6,93903.4,90999.8,86912.8,81874.2,77665.2,233,0
2030-08-22,72614.4,69515.6,68588.4,66185,64855.2,65331,67014.6,68893.4,73932,76884.4,79141.4,80349.2,78775.4,79397.6,80727.4,82069.4,83045.4,81569.2,81898.6,82240.2,81642.4,79251.2,75176.4,72785.2,234,1
2030-08-23,64586.8,60987.8,58706.4,57401,57169.2,57401,58718.6,60146,62537.2,64904,68051.6,68649.4,69235,70076.8,71052.8,72126.4,73566,75481.4,77775,79580.6,79214.6,75835.2,72114.2,68405.4,235,1
2030-08-24,62500.6,59511.6,57608.4,56656.8,57035,58730.8,63818.2,72529,84631.4,91731.8,94367,95940.8,94232.8,97258.4,98478.4,97868.4,98454,95501.6,93183.6,92061.2,89389.4,84814.4,80129.6,76933.2,236,0
2030-08-25,73956.4,70589.2,68564,67368.4,67136.6,67978.4,71113.8,76896.6,85680.6,90475.2,92988.4,93464.2,91268.2,95025.8,96965.6,97685.4,99491,98624.8,96441,95330.8,92061.2,87010.4,81971.8,79104.8,237,0
2030-08-26,74212.6,70723.4,68564,67368.4,67136.6,67978.4,71235.8,77274.8,86449.2,91378,93903.4,94379.2,92183.2,96062.8,98014.8,98856.6,100662.2,99796,97612.2,96392.2,93000.6,87803.4,82496.4,79507.4,238,0
2030-08-27,73712.4,70467.2,68551.8,67478.2,67368.4,68332.2,71467.6,77384.6,86668.8,91951.4,95074.6,95916.4,94208.4,98088,99893.6,100637.8,102455.6,101491.8,99295.8,98441.8,94696.4,89633.4,83838.4,80483.4,239,0
2030-08-28,74334.6,71211.4,69296,67978.4,67746.6,68710.4,71858,78006.8,87791.2,94062,97063.2,98027,96697.2,100345,101687,101699.2,102663,100467,98027,97160.8,93049.4,88352.4,83033.2,79544,240,0
2030-08-29,73590.4,69137.4,66246,64440.4,63842.6,64074.4,65758,68637.2,73810,77994.6,81727.8,83289.4,82411,83387,83167.4,82447.6,81959.6,80971.4,81825.4,82533,80971.4,77226,72895,70747.8,241,1
2030-08-30,65575,62451.8,60536.4,59462.8,58865,58974.8,59694.6,60634,62171.2,64440.4,67319.6,68137,68832.4,70296.4,70930.8,72504.6,74542,76469.6,78519.2,79836.8,78873,75749.8,72028.8,68551.8,242,1
2030-08-31,63513.2,60878,59450.6,58730.8,58987,60438.8,64318.4,71321.2,81349.6,87132.4,90133.6,91707.4,89865.2,93500.8,95196.6,95440.6,97014.4,95648,93574,92707.8,89438.2,84985.2,80178.4,77189.4,243,0
2030-09-01,73639.2,70516,68722.6,67771,67539.2,68503,71760.4,77909.2,87327.6,92854.2,95001.4,95465,93757,97051,98258.8,98136.8,99344.6,97758.6,95574.8,94696.4,90951,86498,81679,79300,244,0
2030-09-02,73151.2,70272,68600.6,67771,67539.2,68381,71394.4,76933.2,85485.4,90524,92427.2,92781,91317,94232.8,95330.8,95330.8,96416.6,94952.6,93000.6,92134.4,88755,84777.8,80337,78189.8,245,0
2030-09-03,70857.6,68210.2,66660.8,65831.2,65709.2,66429,69332.6,74383.4,82215.8,86400.4,87949.8,88303.6,86705.4,90475.2,92305.2,92793.2,93513,92049,90475.2,89853,86461.4,82374.4,78409.4,76140.2,246,0
2030-09-04,70003.6,67844.2,66538.8,65831.2,65721.4,66563.2,69210.6,74273.6,81727.8,85802.6,87230,87339.8,85375.6,88279.2,89389.4,89267.4,89377.2,87425.2,85607.4,84741.2,81849.8,78372.8,75139.8,73236.6,247,0
2030-09-05,68917.8,67234.2,66282.6,65684.8,65318.8,65440.8,65916.6,67112.2,69027.6,70564.8,72126.4,72614.4,72358.2,72968.2,73212.2,73078,72956,72590,72821.8,73053.6,72211.8,70784.4,69235,68283.4,248,1
2030-09-06,63940.2,62378.6,61305,60707.2,60463.2,60585.2,60817,61414.8,62244.4,63562,65245.6,66087.4,66429,67161,67649,68246.8,68978.8,69808.4,70662.4,71138.2,70284.2,68490.8,66575.4,64769.8,249,1
2030-09-07,63452.2,61280.6,60085,59487.2,59743.4,61073.2,64220.8,69906,78019,82362.2,84045.8,84887.6,83301.6,86217.4,87669.2,88035.2,89133.2,87657,85717.2,84985.2,82081.6,78336.2,74590.8,72431.4,250,0
2030-09-08,67783.2,65392,63842.6,62878.8,62756.8,63842.6,66368,71065,78055.6,81288.6,82362.2,82093.8,79653.8,82679.4,84509.4,85363.4,86571.2,85351.2,83277.2,82545.2,79422,75823,72590,70918.6,251,0
2030-09-09,65001.6,62598.2,61036.6,60072.8,59828.8,61280.6,63452.2,67551.4,73456.2,75481.4,77409,77640.8,75932.8,78714.4,80788.4,81398.4,82362.2,81752.2,80898.2,80288.2,78616.8,75749.8,72370.4,69601,252,0
2030-09-10,66111.8,63586.4,61902.8,61414.8,61427,62378.6,65404.2,70235.4,76530.6,79165.8,79995.4,80215,77775,80934.8,83484.6,83960.4,84802.2,82838,81252,79910,77860.4,74981.2,71736,69930.4,253,0
2030-09-11,66453.4,64050,62366.4,61646.6,61646.6,62610.4,65758,69979.2,76274.4,78665.6,79739.2,80227.2,77775,80446.8,82142.6,82008.4,82496.4,80654.2,79068.2,78324,76518.4,73517.2,70381.8,68710.4,254,0
2030-09-12,66392.4,64611.2,63537.6,62708,62586,62695.8,63293.6,64477,66734,68149.2,69723,70320.8,69344.8,70333,70577,70442.8,70308.6,69820.6,70174.4,70284.2,69332.6,67539.2,65867.8,65038.2,255,1
2030-09-13,60829.2,59279.8,58206.2,57608.4,57486.4,57730.4,58084.2,58547.8,59487.2,60670.6,61988.2,62464,62573.8,63549.8,63915.8,64269.6,64745.4,65465.2,66294.8,66770.6,65684.8,64135.4,62708,61146.4,256,1
2030-09-14,59597,57547.4,56486,56132.2,56376.2,57828,61463.6,68002.8,75981.6,79836.8,80910.4,80910.4,78848.6,81288.6,82874.6,83350.4,84058,82960,81984,81117.8,78214.2,74956.8,71833.6,70528.2,257,0
2030-09-15,64355,62085.8,60646.2,60048.4,60048.4,61134.2,63915.8,68856.8,74773.8,76786.8,77738.4,77372.4,75054.4,79178,81252,82472,83313.8,82215.8,80032,79165.8,77372.4,74127.2,70991.8,69564.4,258,0
2030-09-16,64855.2,62817.8,61134.2,60780.4,60658.4,61866.2,64769.8,69113,74285.8,76189,76896.6,77262.6,74822.6,79190.2,81508.2,82484.2,83570,81740,80776.2,79788,77262.6,74493.2,71004,70052.4,259,0
2030-09-17,66453.4,64294,62732.4,62012.6,62012.6,63098.4,65989.8,71809.2,79556.2,82435.4,83033.2,83130.8,79836.8,82264.6,83618.8,83265,83740.8,81166.6,79324.4,78580.2,76908.8,73529.4,70882,69576.6,260,0
2030-09-18,65965.4,63684,62244.4,61402.6,61646.6,62732.4,65270,70113.4,76652.6,79275.6,79751.4,80105.2,77677.4,80593.2,81691.2,81691.2,82655,80337,78738.8,77750.6,75335,73175.6,70162.2,69454.6,261,0
2030-09-19,64843,63305.8,62354.2,61756.4,61512.4,61866.2,62464,63647.4,65331,65904.4,66856,66843.8,65880,67087.8,67563.6,67563.6,67429.4,67173.2,67758.8,67990.6,67039,65599.4,64050,63720.6,262,1
2030-09-20,59621.4,58194,57242.4,56644.6,56522.6,56876.4,57230.2,57462,57681.6,57889,58962.6,59206.6,59194.4,59792.2,60402.2,60878,61719.8,62793.4,64233,64830.8,64001.2,62817.8,61500.2,60194.8,263,1
2030-09-21,58767.4,56974,56022.4,55668.6,55790.6,57608.4,61353.8,66929.2,73688,76213.4,77165,77165,74737.2,78372.8,80080.8,80934.8,82264.6,81532.6,81032.4,79934.4,77030.8,73773.4,70650.2,69454.6,264,0
2030-09-22,63525.4,61366,60170.4,59572.6,59938.6,61024.4,63684,67283,72346,73761.2,74481,74237,71943.4,75957.2,77421.2,78763.2,79605,78141,77030.8,76786.8,74737.2,72077.6,69064.2,68490.8,265,0
2030-09-23,63159.4,61366,60048.4,59328.6,59084.6,60170.4,63196,66441.2,71870.2,73773.4,74493.2,74127.2,71577.4,75603.4,77311.4,77799.4,78763.2,77055.2,76067,75932.8,74249.2,71357.8,68710.4,67527,266,0
2030-09-24,64025.6,61744.2,60304.6,60316.8,59950.8,60792.6,63928,67173.2,73090.2,75981.6,75981.6,76103.6,73578.2,77348,78909.6,80251.6,81581.4,79739.2,77897,77165,75237.4,72211.8,69198.4,68015,267,0
2030-09-25,64879.6,62232.2,61280.6,61048.8,61292.8,62622.6,65526.2,69003.2,74432.2,75383.8,75493.6,74639.6,71736,74395.6,76335.4,76933.2,79007.2,78019,77152.8,76664.8,74737.2,71589.6,69308.2,68734.8,268,0
2030-09-26,64257.4,62586,61512.4,60926.8,60682.8,61158.6,61744.2,62464,63537.6,63366.8,64098.8,63867,62781.2,64342.8,64928.4,65306.6,65660.4,65636,66709.6,67063.4,66221.6,64794.2,63232.6,62903.2,269,1
2030-09-27,58181.8,56498.2,55546.6,54948.8,54826.8,55180.6,55656.4,55412.4,55156.2,54900,55632,55022,54900,55619.8,56583.6,57791.4,59475,61268.4,63196,63781.6,63074,61878.4,60438.8,58755.2,270,1
2030-09-28,57571.8,55888.2,55058.6,54826.8,55192.8,56766.6,59914.2,64391.6,69942.6,71980,72943.8,72089.8,69662,72468,73932,75371.6,77555.4,77665.2,77640.8,76420.8,73883.2,71235.8,68466.4,67514.8,271,0
2030-09-29,63183.8,60890.2,59572.6,58974.8,58974.8,59938.6,62610.4,66599.8,71077.2,72992.6,73724.6,73480.6,70442.8,73480.6,74456.6,73468.4,72712,71113.8,69869.4,70235.4,68673.8,66502.2,64220.8,62903.2,272,0
2030-09-30,58657.6,55900.4,53838.6,52630.8,52033,52008.6,51984.2,52313.6,52643,52618.6,53326.2,53692.2,53338.4,53692.2,53826.4,54424.2,55388,56217.6,56693.4,57279,56315.2,55241.6,53936.2,52252.6,273,1
2030-10-01,49141.6,46982.2,45908.6,45310.8,45432.8,46152.6,47470.2,48165.6,47067.6,46103.8,45859.8,45859.8,46225.8,46701.6,47299.4,48153.4,49361.2,50922.8,52606.4,53802,53692.2,53338.4,52630.8,51191.2,274,1
2030-10-02,48299.8,46384.4,45298.6,44700.8,44944.8,45542.6,46018.4,46970,47933.8,48641.4,49605.2,49971.2,50459.2,50813,51179,51654.8,52618.6,54180.2,55985.8,57193.6,56583.6,55632,54570.6,53009,275,1
2030-10-03,49861.4,48068,46872.4,46274.6,46286.8,47128.6,47958.2,49153.8,50825.2,52142.8,53741,54485.2,54497.4,55205,55424.6,55790.6,56388.4,57096,58645.4,59731.2,58901.6,57462,56156.6,54961,276,1
2030-10-04,52033,50007.8,48702.4,48116.8,48116.8,48946.4,49776,51105.8,52691.8,54387.6,55729.6,56217.6,56217.6,57181.4,57767,58230.6,58926,59597,61488,62451.8,61732,60438.8,58889.4,56986.2,277,1
2030-10-05,53911.8,51862.2,50910.6,50556.8,50922.8,52862.6,56010.2,61463.6,68112.6,71614,73309.8,73431.8,70150,74298,76128,76469.6,77433.4,76323.2,76054.8,75444.8,72663.2,69771.8,67124.4,65928.8,278,0
2030-10-06,62927.6,60158.2,58962.6,58974.8,59096.8,60048.4,62708,65599.4,69698.6,70650.2,71382.2,70772.2,68588.4,72346,74651.8,76237.8,77445.6,76445.2,75322.8,74956.8,72297.2,70991.8,67844.2,67148.8,279,0
2030-10-07,61341.6,59304.2,58474.6,57876.8,57632.8,58828.4,61610,64501.4,68612.8,69320.4,69674.2,68820.2,67734.4,71016.2,72956,74041.8,74639.6,73773.4,72651,72773,71089.4,68551.8,66636.4,64952.8,280,0
2030-10-08,64391.6,62232.2,61280.6,60926.8,61414.8,62744.6,65636,69015.4,71675,71052.8,70320.8,68869,65953.2,68747,70918.6,72248.4,75396,76335.4,77165,75823,73773.4,71357.8,69076.4,68246.8,281,0
2030-10-09,65001.6,62842.2,61646.6,61061,61305,62256.6,63562,64989.4,66185,65819,66075.2,65233.4,62695.8,65111.4,66673,67868.6,69418,70357.4,71906.8,72150.8,71199.2,70003.6,68698.2,67136.6,282,1
2030-10-10,63806,61512.4,60194.8,59475,59487.2,60194.8,61024.4,61963.8,62305.4,61317.2,61817.4,60987.8,59170,60975.6,61939.4,63135,64928.4,65745.8,67173.2,67295.2,66465.6,64904,63476.6,62891,283,1
2030-10-11,57327.8,55534.4,54460.8,53985,53863,54460.8,54924.4,54668.2,53924,53411.6,54387.6,53887.4,53375,54473,55571,57035,58840.6,60756,62671.4,63159.4,62451.8,61268.4,59950.8,58267.2,284,1
2030-10-12,57327.8,55534.4,54704.8,54473,54961,56656.8,59914.2,63781.6,68124.8,68966.6,69222.8,68503,65965.4,68759.2,70564.8,72370.4,75383.8,76091.4,76664.8,75566.8,73395.2,71113.8,68832.4,68002.8,285,0
2030-10-13,63415.6,61012.2,60426.6,59950.8,60438.8,61768.6,63818.2,67319.6,70955.2,70577,70577,69479,67173.2,71065,73139,74834.8,75908.4,75762,75603.4,74383.4,71955.6,70150,67856.4,67148.8,286,0
2030-10-14,63537.6,61012.2,60060.6,59828.8,60072.8,61878.4,64660,68051.6,72053.2,71919,70686.8,69466.8,66563.2,70699,72638.8,73602.6,75652.2,75005.6,75457,74603,72187.4,70625.8,68588.4,68490.8,287,0
2030-10-15,65367.6,62842.2,61512.4,61158.6,61524.6,62854.4,65636,68893.4,72297.2,72285,72285,71187,68295.6,72675.4,74603,76786.8,78092.2,77945.8,77665.2,77055.2,74139.4,72102,70052.4,69832.8,288,0
2030-10-16,65855.6,63818.2,62244.4,62012.6,62622.6,63586.4,66490,70235.4,75103.2,75469.2,75713.2,74505.4,72821.8,75603.4,77665.2,77884.8,78714.4,77701.8,77787.2,76567.2,73895.4,71723.8,69808.4,69466.8,289,0
2030-10-17,65123.6,62720.2,61646.6,60438.8,60560.8,62134.6,62720.2,63183.8,63757.2,62891,63745,62171.2,60597.4,62061.4,62415.2,63147.2,65074.8,64306.2,66343.6,66697.4,65745.8,64916.2,63720.6,64233,290,1
2030-10-18,60243.6,58328.2,57254.6,56778.8,56900.8,57620.6,58218.4,57828,56717.8,55863.8,56608,56388.4,57352.2,58804,59523.8,60597.4,62049.2,63720.6,65867.8,65989.8,65392,64440.4,63244.8,61683.2,291,1
2030-10-19,59048,56998.4,56046.8,55815,56303,58230.6,61500.2,66087.4,71540.8,72394.8,71553,69979.2,67075.6,69979.2,72163,73846.6,76506.2,77323.6,78019,76799,74627.4,72455.8,70296.4,69466.8,292,0
2030-10-20,64879.6,62964.2,61768.6,61292.8,62134.6,63342.4,66233.8,69247.2,73236.6,72736.4,72016.6,70308.6,67636.8,70662.4,72968.2,74176,76835.6,77299.2,78263,76933.2,74871.4,72211.8,69930.4,69344.8,293,0
2030-10-21,65001.6,63086.2,61524.6,61658.8,61768.6,63098.4,65867.8,69491.2,74456.6,75786.4,75310.6,75066.6,72272.8,75054.4,76628.2,76860,77811.6,76689.2,76799,76445.2,74261.4,71723.8,70174.4,69344.8,294,0
2030-10-22,65245.6,62964.2,61878.4,61646.6,62012.6,63464.4,65989.8,70479.4,75566.8,75932.8,75078.8,73993,71077.2,73858.8,75676.6,77006.4,78324,77799.4,77775,76323.2,74261.4,71858,70296.4,69954.8,295,0
2030-10-23,68063.8,66014.2,63720.6,64086.6,64330.6,66148.4,69052,71955.6,75713.2,74847,73749,73505,70699,73614.8,76164.6,77750.6,79812.4,80288.2,79544,78446,76518.4,73968.6,72651,73041.4,296,0
2030-10-24,66343.6,64672.2,63708.4,63354.6,63354.6,63952.4,64550.2,64891.8,65123.6,64147.6,63903.6,62952,61744.2,63074,63928,64879.6,66185,66880.4,68173.6,68051.6,67575.8,66868.2,66038.6,65819,297,1
2030-10-25,62805.6,60768.2,59694.6,59218.8,59340.8,60060.6,60646.2,60158.2,58572.2,57108.2,57120.4,56510.4,56498.2,57474.2,58438,60121.6,62537.2,64562.4,66831.6,66831.6,66477.8,65770.2,64830.8,63745,298,1
2030-10-26,59645.8,57608.4,56534.8,56290.8,57022.8,59072.4,62708,67429.4,72285,72285,71321.2,69503.4,66587.6,69735.2,71919,73858.8,76860,78043.4,78860.8,77274.8,74981.2,72809.6,70772.2,70308.6,299,0
2030-10-27,65965.4,63562,62488.4,62012.6,62866.6,64184.2,66965.8,70577,74688.4,73834.4,73102.4,71553,69613.2,72638.8,74944.6,76140.2,77945.8,78397.2,78982.8,77043,74749.4,72333.8,70528.2,70052.4,300,0
2030-10-28,64489.2,62586,61268.4,61158.6,61402.6,63208.2,65867.8,70211,74200.4,73956.4,73102.4,72150.8,69125.2,72638.8,74444.4,75408.2,77945.8,77909.2,78128.8,76786.8,74493.2,72443.6,70406.2,70418.4,301,0
2030-10-29,65721.4,63562,62244.4,62122.4,62854.4,64184.2,67319.6,69613.2,72760.8,72272.8,71431,70601.4,68173.6,72553.4,74237,75932.8,77848.2,77567.6,77775,75701,73773.4,71601.8,70528.2,70064.6,302,0
2030-10-30,66209.4,63928,62610.4,62244.4,62854.4,65038.2,67563.6,70577,73736.8,72626.6,71528.6,69369.2,66209.4,68869,70821,73236.6,76506.2,77689.6,78275.2,77299.2,74383.4,72699.8,71016.2,70796.6,303,0
2030-10-31,65087,62939.8,61012.2,60902.4,60780.4,61866.2,63305.8,63537.6,63647.4,61817.4,61951.6,60268,58084.2,60036.2,60878,62195.6,64830.8,66233.8,67893,67161,66929.2,66099.6,65270,64928.4,304,1
2030-11-01,61927.2,59035.8,57718.2,56876.4,56998.4,58084.2,58913.8,57937.8,55497.8,53314,53192,51862.2,51630.4,53216.4,55644.2,57681.6,60085,63086.2,66099.6,65977.6,65745.8,64904,64074.4,62756.8,305,1
2030-11-02,59511.6,57352.2,56278.6,56156.6,57010.6,59304.2,63061.8,67783.2,72407,71675,70833.2,68893.4,65623.8,68649.4,71065,73358.6,76384.2,78043.4,78616.8,76555,74371.2,72443.6,70650.2,69686.4,306,0
2030-11-03,64599,61829.6,60878,60646.2,61500.2,63427.8,66819.4,69710.8,73736.8,72651,71321.2,69637.6,66465.6,69503.4,71321.2,72272.8,75396,76201.2,76652.6,73980.8,72285,70967.4,69893.8,69430.2,307,0
2030-11-04,66782.8,64501.4,62451.8,62708,63074,64879.6,68503,71772.6,75676.6,75444.8,74115,72919.4,70235.4,73273.2,74956.8,76774.6,79165.8,79605,80056.4,77860.4,75444.8,73517.2,71345.6,72590,308,0
2030-11-05,66782.8,64135.4,63183.8,62708,63196,65367.6,69003.2,73602.6,78946.2,77360.2,76176.8,73041.4,69759.6,73651.4,74237,76408.6,80263.8,81300.8,81386.2,79678.2,76530.6,74847,73041.4,72699.8,309,0
2030-11-06,67819.8,64806.4,63610.8,63623,64342.8,65672.6,68698.2,72565.6,79385.4,80007.6,79666,78726.6,75322.8,78482.6,79434.2,79775.8,80215,79422,79019.4,77079.6,75139.8,73212.2,72016.6,71418.8,310,0
2030-11-07,66819.4,63806,62720.2,62366.4,62122.4,62964.2,64037.8,64757.6,64391.6,63183.8,63562,62110.2,60426.6,62244.4,63330.2,64050,65843.4,67368.4,69174,68808,67710,67002.4,66160.6,66050.8,311,1
2030-11-08,62525,60475.4,59401.8,58926,59170,59889.8,60487.6,60487.6,60243.6,60365.6,61122,60890.2,60658.4,61256.2,61963.8,62439.6,63501,65038.2,66221.6,65977.6,65623.8,65026,64684.4,63964.6,312,1
2030-11-09,61671,59267.6,58194,57950,58804,61231.8,65221.2,70430.6,76359.8,76347.6,75005.6,72821.8,68698.2,71748.2,74200.4,76396.4,79397.6,80581,81032.4,78848.6,76908.8,74981.2,73053.6,72577.8,313,0
2030-11-10,67270.8,64867.4,63305.8,62952,64172,65977.6,69113,73346.4,77360.2,76372,75152,73700.2,70796.6,74444.4,76884.4,78934,81215.4,81788.8,81398.4,78836.4,76420.8,74371.2,73297.6,73309.8,314,0
2030-11-11,67746.6,65221.2,64025.6,63318,63793.8,66453.4,69100.8,73700.2,78067.8,78067.8,76969.8,75762,72980.4,77116.2,78812,79775.8,82301.2,80788.4,81740,78812,76274.4,74346.8,72907.2,72443.6,315,0
2030-11-12,67014.6,65111.4,63915.8,63562,63928,65611.6,68503,73102.4,77006.4,76384.2,75420.4,74212.6,70833.2,75200.8,77640.8,79080.4,81239.8,80812.8,80288.2,77982.4,75676.6,73749,71821.4,71235.8,316,0
2030-11-13,68381,65733.6,64172,63818.2,64550.2,65989.8,69125.2,73602.6,78738.8,78751,77665.2,76091.4,72699.8,75493.6,76701.4,77897,79568.4,78885.2,78238.6,76542.8,74969,72675.4,70869.8,71138.2,317,0
2030-11-14,67868.6,65343.2,64269.6,62695.8,63061.8,64989.4,65941,66050.8,66892.6,64440.4,63952.4,61402.6,59096.8,60695,62049.2,63610.8,65892.2,67063.4,69344.8,68259,67649,67063.4,66343.6,65989.8,318,1
2030-11-15,61878.4,58743,57169.2,56571.4,57059.4,58389.2,59353,58974.8,57169.2,55229.4,55119.6,54033.8,52948,53667.8,55107.4,58023.2,61768.6,65245.6,67539.2,67295.2,66685.2,66099.6,65623.8,64538,319,1
2030-11-16,60939,58889.4,57815.8,57706,58682,60853.6,64843,70418.4,75652.2,75664.4,74224.8,72041,68527.4,71809.2,74127.2,76176.8,79300,79836.8,79312.2,77238.2,75310.6,73505,71699.4,71614,320,0
2030-11-17,66331.4,63806,62244.4,62134.6,62744.6,64672.2,67929.6,72163,77909.2,79397.6,79287.8,78214.2,75554.6,78104.4,78970.6,79287.8,80812.8,79153.6,78751,77177.2,74871.4,72699.8,71016.2,71028.4,321,0
2030-11-18,67173.2,64538,63220.4,63232.6,63586.4,65160.2,68173.6,72651,77299.2,78287.4,77579.8,77238.2,73968.6,77372.4,78348.4,78433.8,80324.8,78299.6,78263,77421.2,75115.4,72943.8,71138.2,70540.4,322,0
2030-11-19,66453.4,63806,62732.4,62134.6,62378.6,63452.2,66709.6,71309,77775,80471.2,81093.4,81618,79068.2,81862,82581.8,81813.2,81886.4,79885.6,78519.2,77421.2,75859.6,72590,70906.4,70796.6,323,0
2030-11-20,67002.4,63623,62549.4,62073.6,62683.6,64367.2,67990.6,72455.8,77921.4,78287.4,77811.6,76359.8,73200,76847.8,78665.6,79495.2,81532.6,80629.8,80483.4,77933.6,76006,73956.4,73017,73041.4,324,0
2030-11-21,68917.8,67002.4,65087,64611.2,64245.2,65684.8,67246.4,68576.2,69052,66502.2,66514.4,63732.8,61061,63135,64355,65928.8,68307.8,69088.6,71004,69540,68698.2,68356.6,67405,67661.2,325,1
2030-11-22,65770.2,63488.8,62415.2,61939.4,62293.2,63257,64220.8,63964.6,62769,61085.4,60975.6,59767.8,59035.8,59609.2,60695,62634.8,65404.2,68027.2,69710.8,69466.8,69235,68637.2,68295.6,67453.8,326,1
2030-11-23,60890.2,57998.8,56559.2,56449.4,57547.4,60573,65892.2,73529.4,81654.6,81776.6,79226.8,75835.2,70979.6,75481.4,78287.4,80837.2,84216.6,84033.6,83399.2,81093.4,79031.6,76372,73968.6,74481,327,0
2030-11-24,69540,66538.8,65953.2,65721.4,66331.4,68869,71760.4,77689.6,84350.8,86534.6,85558.6,84485,81691.2,84594.8,85924.6,86510.2,87352,86571.2,84607,82179.2,79519.6,77348,75176.4,75810.8,328,0
2030-11-25,70662.4,68015,66697.4,66709.6,67319.6,68649.4,72382.6,76847.8,84119,84350.8,83618.8,81691.2,77201.6,80459,82154.8,82618.4,84192.2,83777.4,82789.2,80605.4,78799.8,75774.2,74822.6,74725,329,0
2030-11-26,71382.2,67893,66331.4,66465.6,66831.6,68759.2,72870.6,77823.8,83887.2,84277.6,81984,79568.4,75688.8,78958.4,81740,83057.6,85692.8,84899.8,82813.6,81349.6,78934,76274.4,74237,74969,330,0
2030-11-27,71760.4,68259,66465.6,67087.8,67209.8,69259.4,72516.8,77226,84887.6,86022.2,85326.8,83521.2,80385.8,83655.4,84729,84826.6,85997.8,83960.4,82215.8,79775.8,77726.2,75566.8,73639.2,75115.4,331,0
2030-11-28,70369.6,68100.4,66538.8,65453,65575,67148.8,68942.2,69649.8,70503.8,68588.4,68356.6,65782.4,62854.4,64196.4,65916.6,68210.2,70125.6,72004.4,73431.8,71980,71504.2,70186.6,69845,70345.2,332,1
2030-11-29,66612,63720.6,62403,61683.2,62049.2,63135,63842.6,63708.4,63940.2,63696.2,64428.2,64184.2,63574.2,64172,64391.6,65477.4,67783.2,70418.4,71736,71382.2,70784.4,69942.6,69723,69369.2,333,1
2030-11-30,64172,61402.6,60207,59975.2,60939,63732.8,68454.2,75603.4,84106.8,84838.8,82411,79495.2,74993.4,78641.2,80715.2,83021,86644.4,86827.4,85217,83155.2,81105.6,78568,76518.4,76786.8,334,0
2030-12-01,72504.6,69747.4,68076,67844.2,68210.2,69881.6,74115,79190.2,87059.2,86937.2,84777.8,80995.8,76274.4,79422,81581.4,82789.2,85570.8,84777.8,82557.4,80251.6,78812,76164.6,74969,75481.4,335,0
2030-12-02,73919.8,71162.6,69113,68027.2,69247.2,70686.8,74920.2,79495.2,86754.2,88096.2,87644.8,86437,81459.4,84119,85680.6,86510.2,89169.8,87034.8,85302.4,82630.6,80947,77811.6,75530.2,76518.4,336,0
2030-12-03,72199.6,69430.2,68002.8,67405,68137,70064.6,73797.8,79605,87742.4,88132.8,85961.2,83301.6,78336.2,81727.8,83899.4,85949,89072.2,88254.8,86156.4,83728.6,81056.8,77921.4,76006,76884.4,337,0
2030-12-04,74005.2,70760,68954.4,68978.8,69710.8,71028.4,75261.8,79727,87254.4,88694,87120.2,84729,79910,83801.8,86241.8,87669.2,90658.2,89108.8,86522.4,83838.4,81300.8,78653.4,76494,77482.2,338,0
2030-12-05,74237,71589.6,70162.2,69564.4,69808.4,70882,72321.6,73529.4,74359,72187.4,71455.4,69869.4,67307.4,68637.2,70467.2,72895,75042.2,75957.2,76176.8,75457,74383.4,73065.8,72846.2,73468.4,339,1
2030-12-06,67185.4,64050,62366.4,61646.6,62012.6,63086.2,64037.8,64147.6,63671.8,62708,63415.6,63061.8,63086.2,63915.8,64513.6,65831.2,68112.6,71223.6,72419.2,71821.4,70979.6,69784,69686.4,69454.6,340,1
2030-12-07,65855.6,63330.2,62134.6,61658.8,62512.8,65050.4,69527.8,76542.8,85778.2,86864,84655.8,82118.2,77762.8,81398.4,83362.6,85680.6,89523.6,88730.6,86510.2,84082.4,81544.8,78653.4,76969.8,77482.2,341,0
2030-12-08,71553,68905.6,68210.2,67124.4,68100.4,70272,74395.6,80190.6,88096.2,89450.4,87388.6,84582.6,80483.4,84607,86559,88230.4,90499.6,90292.2,86620,83948.2,81544.8,78275.2,76481.8,77714,342,0
2030-12-09,73968.6,70845.4,69405.8,68686,69540,71235.8,75469.2,81276.4,89548,90780.2,89084.4,86034.4,81447.2,84460.6,86790.8,87974.2,90243.4,89072.2,86498,84680.2,82386.6,79007.2,76225.6,77335.8,343,0
2030-12-10,73785.6,70284.2,68722.6,68124.8,69222.8,70784.4,75017.8,80227.2,88974.6,91805,90731.4,89157.6,84302,87559.4,89035.6,89731,91878.2,89853,87034.8,84485,82313.4,78799.8,76518.4,77872.6,344,0
2030-12-11,72577.8,69198.4,68612.8,67636.8,68124.8,70052.4,73675.8,79239,87266.6,89621.2,88803.8,87730.2,83984.8,87608.2,89572.4,90280,92158.8,89987.2,86668.8,84241,81703.4,77958,75664.4,77140.6,345,0
2030-12-12,72651,69637.6,67954,67002.4,67356.2,68564,70125.6,71565.2,73163.4,71601.8,71357.8,69784,66404.6,67990.6,69674.2,71479.8,73736.8,75127.6,74859.2,73529.4,72443.6,70772.2,70796.6,71528.6,346,1
2030-12-13,72504.6,69003.2,66941.4,66221.6,66587.6,67673.4,68869,69222.8,68271.2,65867.8,65758,64550.2,63708.4,64184.2,65270,67929.6,71662.8,75493.6,77177.2,76689.2,75481.4,74151.6,74176,74054,347,1
2030-12-14,67246.4,64367.2,62805.6,62586,63549.8,66331.4,71540.8,79897.8,91927,95587,93159.2,90414.2,85461,90170.2,91975.8,93293.4,96184.8,95025.8,91963.6,88803.8,85290.2,81788.8,79739.2,80983.6,348,0
2030-12-15,77567.6,74334.6,73639.2,72919.4,73285.4,74725,78458.2,84375.2,96148.2,97966,95660.2,93256.8,87925.4,91683,93012.8,95196.6,98332,96807,93866.8,91939.2,89157.6,84314.2,82154.8,83265,349,0
2030-12-16,78702.2,76201.2,75261.8,74066.2,75030,77079.6,79592.8,87083.6,98112.4,100052.2,97380.4,94745.2,89047.8,92073.4,94489,97173,99198.2,97661,95330.8,93037.2,90267.8,86034.4,83997,84863.2,350,0
2030-12-17,79178,76298.8,75115.4,74273.6,74517.6,76201.2,79824.6,86461.4,97002.2,99674,97258.4,94257.2,90255.6,93281.2,94842.8,96294.6,98088,95452.8,91658.6,88999,85131.6,81642.4,79361,81313,351,0
2030-12-18,78580.2,74956.8,73907.6,72943.8,72943.8,74749.4,78982.8,85265.8,95684.6,99198.2,98222.2,95587,90853.4,95099,96782.6,97892.8,99674,97661,94123,90731.4,88084,83618.8,82057.2,82557.4,352,0
2030-12-19,78519.2,74651.8,71992.2,71394.4,71272.4,72102,75371.6,76579.4,79995.4,77701.8,77213.8,74432.2,69832.8,72016.6,73944.2,76738,79861.2,81374,81703.4,80129.6,78311.8,76262.2,75420.4,76518.4,353,1
2030-12-20,71187,66697.4,64025.6,63305.8,63549.8,64757.6,66331.4,66697.4,66941.4,65636,66392.4,67014.6,65916.6,67283,68222.4,69649.8,72419.2,76140.2,77945.8,77335.8,75640,73822.2,74566.4,75310.6,354,1
2030-12-21,71382.2,69222.8,67783.2,67661.2,68515.2,70577,75054.4,82191.4,92610.2,95757.8,94293.8,92244.2,88023,91073,93000.6,94440.2,97087.6,96306.8,93256.8,89743.2,86717.6,83338.2,82008.4,83130.8,355,0
2030-12-22,75640,72260.6,71443.2,70735.6,71223.6,72663.2,76652.6,83069.8,93610.6,96062.8,94367,92073.4,88096.2,91378,93427.6,94013.2,96282.4,94757.4,91329.2,87925.4,84924.2,81191,78897.4,79788,356,0
2030-12-23,75518,72382.6,70833.2,70235.4,70491.6,72541.2,76896.6,82215.8,91670.8,94476.8,93159.2,91475.6,86022.2,88938,90011.6,90121.4,92024.6,89401.6,87315.4,84277.6,82252.4,78763.2,76835.6,78446,357,0
2030-12-24,75932.8,72797.4,71357.8,70760,71260.2,72821.8,76213.4,82252.4,93305.6,96123.8,95550.4,93134.8,88303.6,91353.6,92183.2,93122.6,94696.4,92646.8,89560.2,86522.4,83509,80373.6,78202,79812.4,358,0
2030-12-25,76677,73797.8,71992.2,71150.4,71272.4,72358.2,73456.2,74786,77079.6,76103.6,75127.6,72821.8,69686.4,71040.6,72504.6,74188.2,76347.6,77762.8,78116.6,77006.4,75920.6,74481,74493.2,75591.2,359,1
2030-12-26,71772.6,68747,66929.2,66075.2,66197.2,66917,67880.8,68234.6,68954.4,67392.8,66673,64989.4,63537.6,64635.6,66453.4,68515.2,70906.4,73163.4,74115,73395.2,71943.4,70857.6,70991.8,71967.8,360,1
2030-12-27,74102.8,71077.2,69393.6,68673.8,68795.8,69393.6,70369.6,70601.4,70479.4,68417.6,68185.8,67087.8,66014.2,66758.4,67978.4,70150,73163.4,76262.2,77823.8,77226,75896.2,74322.4,74834.8,75335,361,1
2030-12-28,69991.4,67588,66148.4,65916.6,66514.4,68576.2,73065.8,80703,91878.2,95160,93452,91158.4,86327.2,89609,91207.2,92390.6,94781.8,93757,90585,87059.2,84033.6,80398,78958.4,80800.6,362,0
2030-12-29,72931.6,70174.4,69210.6,68978.8,69222.8,71772.6,74786,80727.4,91512.2,94586.6,93171.4,91231.6,86534.6,91060.8,91048.6,91243.8,92158.8,90597.2,87510.6,84838.8,80971.4,78824.2,76518.4,78970.6,363,0
2030-12-30,75188.6,73151.2,71089.4,71235.8,71113.8,72809.6,76677,82130.4,91939.2,94159.6,93110.4,91292.6,86839.6,90011.6,91097.4,91304.8,93805.8,92244.2,88181.6,85631.8,82618.4,79007.2,78165.4,80129.6,364,0
2030-12-31,78836.4,76323.2,74761.6,74041.8,74285.8,75713.2,78970.6,84533.8,93976.6,95074.6,93378.8,90841.2,86254,88071.8,88681.8,89047.8,89853,88181.6,85827,83399.2,81227.6,78946.2,77994.6,80068.6,365,0
